adaptive_cycle,adaptive_phase,adaptive_phase_epochs,epoch,step,train_group_l1,train_hsic,train_hsic_reg,train_l0_penalty,train_l0_reg,train_loss_x,train_notears,train_score_sparse,train_x_mae,train_x_r2,train_x_rmse,val_group_l1,val_hsic,val_hsic_reg,val_l0_penalty,val_l0_reg,val_loss,val_loss_x,val_notears,val_score_sparse,val_x_mae,val_x_r2,val_x_rmse
0.0,0.0,1.0,0,14,,,,,,,,,,,,0.0,0.016332851722836494,0.016332851722836494,34.19423294067383,0.0,0.054398082196712494,0.0209575854241848,0.01710764691233635,0.7611903548240662,0.10900650918483734,-0.03739515319466591,0.14476406574249268
,,,0,14,0.0,0.01364944688975811,0.01364944688975811,34.19258499145508,0.0,0.10993120819330215,0.01710892654955387,0.7611615061759949,0.2681485414505005,-4.411029815673828,0.3028513789176941,,,,,,,,,,,,
0.0,0.0,2.0,1,22,,,,,,,,,,,,0.0,0.01615006849169731,0.01615006849169731,34.191261291503906,0.0,0.05152246728539467,0.01826808787882328,0.017104314640164375,0.7611373066902161,0.10605569183826447,0.05276191979646683,0.13515712320804596
,,,1,22,0.0,0.014859380200505257,0.014859380200505257,34.19218826293945,0.0,0.0291065014898777,0.017105283215641975,0.7611544728279114,0.1421007513999939,-0.5069082975387573,0.16930274665355682,,,,,,,,,,,,
0.0,0.0,3.0,2,30,,,,,,,,,,,,0.0,0.01610097847878933,0.01610097847878933,34.191261291503906,0.0,0.05143430083990097,0.018229003995656967,0.017104314640164375,0.7611373066902161,0.10775862634181976,0.05477182939648628,0.13501305878162384
,,,2,30,0.0,0.015623138286173344,0.015623138286173344,34.19219207763672,0.0,0.02337786927819252,0.017105283215641975,0.7611544132232666,0.11344575136899948,-0.2089250385761261,0.15250259637832642,,,,,,,,,,,,
0.0,0.0,4.0,3,38,,,,,,,,,,,,0.0,0.01596026122570038,0.01596026122570038,34.191261291503906,0.0,0.05001755803823471,0.016952980309724808,0.017104314640164375,0.7611373066902161,0.09932209551334381,0.12096470594406128,0.1302008032798767
,,,3,38,0.0,0.01479773223400116,0.01479773223400116,34.19218826293945,0.0,0.020360559225082397,0.017105283215641975,0.7611544132232666,0.11670734733343124,-0.05322059988975525,0.14259551465511322,,,,,,,,,,,,
0.0,0.0,5.0,4,46,,,,,,,,,,,,0.0,0.015492681413888931,0.015492681413888931,34.191261291503906,0.0,0.04690513759851456,0.014308135025203228,0.017104314640164375,0.7611373066902161,0.09573715180158615,0.2580622136592865,0.11961564421653748
,,,4,46,0.0,0.013877999037504196,0.013877999037504196,34.19218826293945,0.0,0.018054287880659103,0.017105283215641975,0.7611544728279114,0.10176991671323776,0.06598712503910065,0.1343136727809906,,,,,,,,,,,,
0.0,0.0,6.0,5,54,,,,,,,,,,,,0.0,0.015047676861286163,0.015047676861286163,34.191261291503906,0.0,0.0440669022500515,0.011914907023310661,0.017104314640164375,0.7611373066902161,0.0825110524892807,0.3821852505207062,0.10915354639291763
,,,5,54,0.0,0.011793546378612518,0.011793546378612518,34.19219207763672,0.0,0.015749657526612282,0.017105281352996826,0.7611544728279114,0.09978645294904709,0.18490149080753326,0.12546221911907196,,,,,,,,,,,,
0.0,0.0,7.0,6,62,,,,,,,,,,,,0.0,0.014775543473660946,0.014775543473660946,34.191261291503906,0.0,0.043347183614969254,0.011467323638498783,0.017104314640164375,0.7611373066902161,0.08372378349304199,0.4053480625152588,0.10708540678024292
,,,6,62,0.0,0.011383739300072193,0.011383739300072193,34.19219207763672,0.0,0.014077173545956612,0.017105281352996826,0.7611544132232666,0.0917794331908226,0.27194714546203613,0.11862789839506149,,,,,,,,,,,,
0.0,0.0,8.0,7,70,,,,,,,,,,,,0.0,0.014655235223472118,0.014655235223472118,34.191261291503906,0.0,0.04285213351249695,0.01109258458018303,0.017104314640164375,0.7611373066902161,0.08045347779989243,0.4248036742210388,0.10532043874263763
,,,7,70,0.0,0.011983352713286877,0.011983352713286877,34.19219207763672,0.0,0.013029087334871292,0.017105281352996826,0.7611544132232666,0.08881007134914398,0.326063334941864,0.11414161324501038,,,,,,,,,,,,
0.0,0.0,9.0,8,78,,,,,,,,,,,,0.0,0.014328617602586746,0.014328617602586746,34.191261291503906,0.0,0.04226367548108101,0.010830739513039589,0.017104314640164375,0.7611373066902161,0.08035937696695328,0.43836650252342224,0.10407040268182755
,,,8,78,0.0,0.012011222541332245,0.012011222541332245,34.19219207763672,0.0,0.012595843523740768,0.017105281352996826,0.7611545324325562,0.08740558475255966,0.3485187292098999,0.11222559958696365,,,,,,,,,,,,
0.0,0.0,10.0,9,86,,,,,,,,,,,,0.0,0.014119775034487247,0.014119775034487247,34.191261291503906,0.0,0.04191211983561516,0.01068803109228611,0.017104314640164375,0.7611373066902161,0.08066854625940323,0.4457692801952362,0.10338246077299118
,,,9,86,0.0,0.01197176892310381,0.01197176892310381,34.19219207763672,0.0,0.012311751954257488,0.017105283215641975,0.7611544132232666,0.08597896993160248,0.3630928695201874,0.11095655709505081,,,,,,,,,,,,
0.0,0.0,11.0,10,94,,,,,,,,,,,,0.0,0.013934295624494553,0.013934295624494553,34.191261291503906,0.0,0.041452858597040176,0.0104142464697361,0.017104314640164375,0.7611373066902161,0.07850707322359085,0.4599756598472595,0.10204938054084778
,,,10,94,0.0,0.011961427517235279,0.011961427517235279,34.19219207763672,0.0,0.011983232572674751,0.017105281352996826,0.7611544728279114,0.08544803410768509,0.38015392422676086,0.10946423560380936,,,,,,,,,,,,
0.0,0.0,12.0,11,102,,,,,,,,,,,,0.0,0.013901428319513798,0.013901428319513798,34.191261291503906,0.0,0.041293784976005554,0.010288037359714508,0.017104314640164375,0.7611373066902161,0.07885172963142395,0.4665144085884094,0.10142938047647476
,,,11,102,0.0,0.011802462860941887,0.011802462860941887,34.19218826293945,0.0,0.011791495606303215,0.017105281352996826,0.7611544728279114,0.0844818577170372,0.3900558650493622,0.1085878387093544,,,,,,,,,,,,
0.0,0.0,13.0,12,110,,,,,,,,,,,,0.0,0.01392342522740364,0.01392342522740364,34.191261291503906,0.0,0.04117361828684807,0.010145873762667179,0.017104314640164375,0.7611373066902161,0.07840093225240707,0.4738866090774536,0.10072614252567291
,,,12,110,0.0,0.011778862215578556,0.011778862215578556,34.192195892333984,0.0,0.011689141392707825,0.017105283215641975,0.7611544132232666,0.0840349867939949,0.39522260427474976,0.10811465233564377,,,,,,,,,,,,
0.0,0.0,14.0,13,118,,,,,,,,,,,,0.0,0.013916674070060253,0.013916674070060253,34.191261291503906,0.0,0.041020479053258896,0.009999487549066544,0.017104314640164375,0.7611373066902161,0.07738884538412094,0.4814807176589966,0.09999670833349228
,,,13,118,0.0,0.011749622412025928,0.011749622412025928,34.19219207763672,0.0,0.011533978395164013,0.017105283215641975,0.7611544728279114,0.08382416516542435,0.4033224582672119,0.1073937639594078,,,,,,,,,,,,
0.0,0.0,15.0,14,126,,,,,,,,,,,,0.0,0.013857736252248287,0.013857736252248287,34.191261291503906,0.0,0.040898170322179794,0.009936116635799408,0.017104314640164375,0.7611373066902161,0.07756282389163971,0.4847643971443176,0.09967945516109467
,,,14,126,0.0,0.011695685796439648,0.011695685796439648,34.19219207763672,0.0,0.011421765200793743,0.017105283215641975,0.7611544132232666,0.083111971616745,0.40918344259262085,0.10687075555324554,,,,,,,,,,,,
0.0,0.0,16.0,15,134,,,,,,,,,,,,0.0,0.013775307685136795,0.013775307685136795,34.191261291503906,0.0,0.04071015864610672,0.009830535389482975,0.017104314640164375,0.7611373066902161,0.07681833207607269,0.4902407228946686,0.09914836287498474
,,,15,134,0.0,0.011729715391993523,0.011729715391993523,34.19218826293945,0.0,0.011334872804582119,0.017105285078287125,0.7611544132232666,0.08293227106332779,0.41368401050567627,0.10646084696054459,,,,,,,,,,,,
0.0,0.0,17.0,16,142,,,,,,,,,,,,0.0,0.013646513223648071,0.013646513223648071,34.191261291503906,0.0,0.0405040867626667,0.009753257036209106,0.017104314640164375,0.7611373066902161,0.07658220827579498,0.4942484200000763,0.09875787049531937
,,,16,142,0.0,0.011677230708301067,0.011677230708301067,34.19219207763672,0.0,0.011232676915824413,0.017105281352996826,0.7611544728279114,0.08250253647565842,0.41901737451553345,0.10598158091306686,,,,,,,,,,,,
0.0,0.0,18.0,17,150,,,,,,,,,,,,0.0,0.013483680784702301,0.013483680784702301,34.191261291503906,0.0,0.040244705975055695,0.009656709618866444,0.017104314640164375,0.7611373066902161,0.07606309652328491,0.49925506114959717,0.09826783835887909
,,,17,150,0.0,0.011566326022148132,0.011566326022148132,34.19218826293945,0.0,0.011163058690726757,0.017105281352996826,0.7611544728279114,0.08217095583677292,0.42262354493141174,0.10565268248319626,,,,,,,,,,,,
0.0,0.0,19.0,18,158,,,,,,,,,,,,0.0,0.013294520787894726,0.013294520787894726,34.191261291503906,0.0,0.03999031335115433,0.009591476060450077,0.017104314640164375,0.7611373066902161,0.07614362239837646,0.502633810043335,0.0979354977607727
,,,18,158,0.0,0.011476169340312481,0.011476169340312481,34.19218826293945,0.0,0.011071738786995411,0.017105283215641975,0.7611544132232666,0.08183165639638901,0.4272679090499878,0.10522042214870453,,,,,,,,,,,,
0.0,0.0,20.0,19,166,,,,,,,,,,,,0.0,0.013102712109684944,0.013102712109684944,34.191261291503906,0.0,0.03969139978289604,0.009484371170401573,0.017104314640164375,0.7611373066902161,0.07533245533704758,0.5081924200057983,0.09738696366548538
,,,19,166,0.0,0.011343676596879959,0.011343676596879959,34.19219207763672,0.0,0.011002449318766594,0.017105281352996826,0.7611544132232666,0.08146896213293076,0.43086451292037964,0.10488929599523544,,,,,,,,,,,,
0.0,0.0,21.0,20,174,,,,,,,,,,,,0.0,0.012898198328912258,0.012898198328912258,34.191261291503906,0.0,0.03937658667564392,0.009374072775244713,0.017104314640164375,0.7611373066902161,0.07484225928783417,0.5139095187187195,0.09681911021471024
,,,20,174,0.0,0.011226065456867218,0.011226065456867218,34.19219207763672,0.0,0.010878846980631351,0.017105283215641975,0.7611544132232666,0.08101563900709152,0.43725621700286865,0.10429906100034714,,,,,,,,,,,,
0.0,0.0,22.0,21,182,,,,,,,,,,,,0.0,0.012748215347528458,0.012748215347528458,34.191261291503906,0.0,0.039141494780778885,0.009288962930440903,0.017104314640164375,0.7611373066902161,0.07479061931371689,0.5183212161064148,0.0963786393404007
,,,21,182,0.0,0.011099444702267647,0.011099444702267647,34.19219207763672,0.0,0.010761769488453865,0.017105281352996826,0.7611544132232666,0.08041050285100937,0.44336041808128357,0.10373522341251373,,,,,,,,,,,,
0.0,0.0,23.0,22,190,,,,,,,,,,,,0.0,0.012626039795577526,0.012626039795577526,34.191261291503906,0.0,0.03892361745238304,0.009193262085318565,0.017104314640164375,0.7611373066902161,0.07425682246685028,0.5232846140861511,0.09588080644607544
,,,22,190,0.0,0.010982663370668888,0.010982663370668888,34.19219207763672,0.0,0.010699634440243244,0.017105283215641975,0.7611544728279114,0.08016376197338104,0.44652050733566284,0.10343512147665024,,,,,,,,,,,,
0.0,0.0,24.0,23,198,,,,,,,,,,,,0.0,0.012541000731289387,0.012541000731289387,34.191261291503906,0.0,0.03874298185110092,0.009097663685679436,0.017104314640164375,0.7611373066902161,0.07346989214420319,0.5282447338104248,0.09538082778453827
,,,23,198,0.0,0.010916387662291527,0.010916387662291527,34.19219207763672,0.0,0.010594071820378304,0.017105281352996826,0.7611544728279114,0.07987499982118607,0.45199835300445557,0.10292622447013855,,,,,,,,,,,,
0.0,0.0,25.0,24,206,,,,,,,,,,,,0.0,0.012439584359526634,0.012439584359526634,34.191261291503906,0.0,0.038556236773729324,0.009012339636683464,0.017104314640164375,0.7611373066902161,0.0737544596195221,0.5326629877090454,0.09493272751569748
,,,24,206,0.0,0.010773462243378162,0.010773462243378162,34.19218826293945,0.0,0.010574709624052048,0.017105283215641975,0.7611544728279114,0.07969622313976288,0.45295366644859314,0.10283038765192032,,,,,,,,,,,,
0.0,0.0,26.0,25,214,,,,,,,,,,,,0.0,0.012365751899778843,0.012365751899778843,34.191261291503906,0.0,0.03839927166700363,0.008929204195737839,0.017104314640164375,0.7611373066902161,0.0731121078133583,0.5369760394096375,0.09449371695518494
,,,25,214,0.0,0.010653492994606495,0.010653492994606495,34.19218826293945,0.0,0.010434402152895927,0.017105283215641975,0.7611544132232666,0.07899953424930573,0.4601689577102661,0.10214275866746902,,,,,,,,,,,,
0.0,0.0,27.0,26,222,,,,,,,,,,,,0.0,0.012276854366064072,0.012276854366064072,34.191261291503906,0.0,0.0382382832467556,0.008857115171849728,0.017104314640164375,0.7611373066902161,0.07247884571552277,0.5407155752182007,0.09411139786243439
,,,26,222,0.0,0.010591468773782253,0.010591468773782253,34.19218826293945,0.0,0.010434303432703018,0.017105281352996826,0.7611544132232666,0.07906551659107208,0.4602839946746826,0.10214818269014359,,,,,,,,,,,,
0.0,0.0,28.0,27,230,,,,,,,,,,,,0.0,0.012233841232955456,0.012233841232955456,34.191261291503906,0.0,0.038118522614240646,0.008780366741120815,0.017104314640164375,0.7611373066902161,0.07242347300052643,0.5446924567222595,0.09370283037424088
,,,27,230,0.0,0.010539724491536617,0.010539724491536617,34.19219207763672,0.0,0.01037280447781086,0.017105283215641975,0.7611544728279114,0.07878221571445465,0.4635002911090851,0.1018422394990921,,,,,,,,,,,,
0.0,0.0,29.0,28,238,,,,,,,,,,,,0.0,0.012186609208583832,0.012186609208583832,34.191261291503906,0.0,0.038011156022548676,0.00872022844851017,0.017104314640164375,0.7611373066902161,0.07282999157905579,0.547809898853302,0.09338144212961197
,,,28,238,0.0,0.010479037649929523,0.010479037649929523,34.19219207763672,0.0,0.010294201783835888,0.017105283215641975,0.7611544132232666,0.0783328264951706,0.46749818325042725,0.10145814716815948,,,,,,,,,,,,
0.0,0.0,30.0,29,246,,,,,,,,,,,,0.0,0.01202627643942833,0.01202627643942833,34.191261291503906,0.0,0.03772103786468506,0.008590446785092354,0.017104314640164375,0.7611373066902161,0.0718192383646965,0.5545361042022705,0.09268388897180557
,,,29,246,0.0,0.010386750102043152,0.010386750102043152,34.19219207763672,0.0,0.010243668220937252,0.017105283215641975,0.7611544132232666,0.07835462689399719,0.47002112865448,0.10120900720357895,,,,,,,,,,,,
0.0,0.0,31.0,30,254,,,,,,,,,,,,0.0,0.01197860762476921,0.01197860762476921,34.191261291503906,0.0,0.03756805509328842,0.008485130034387112,0.017104314640164375,0.7611373066902161,0.07189562916755676,0.5599943995475769,0.09211406856775284
,,,30,254,0.0,0.010272457264363766,0.010272457264363766,34.19219207763672,0.0,0.010161609388887882,0.017105283215641975,0.7611544728279114,0.0778888687491417,0.47434911131858826,0.10080301016569138,,,,,,,,,,,,
0.0,0.0,32.0,31,262,,,,,,,,,,,,0.0,0.011969288811087608,0.011969288811087608,34.191261291503906,0.0,0.03747484087944031,0.00840123649686575,0.017104314640164375,0.7611373066902161,0.07141680270433426,0.5643466114997864,0.09165743738412857
,,,31,262,0.0,0.010133469477295876,0.010133469477295876,34.19218826293945,0.0,0.010102622210979462,0.017105283215641975,0.7611544728279114,0.07774610817432404,0.4774430990219116,0.10051020234823227,,,,,,,,,,,,
0.0,0.0,33.0,32,270,,,,,,,,,,,,0.0,0.011932767927646637,0.011932767927646637,34.191261291503906,0.0,0.037312667816877365,0.008275583386421204,0.017104314640164375,0.7611373066902161,0.07058463245630264,0.5708635449409485,0.09096931666135788
,,,32,270,0.0,0.010145459324121475,0.010145459324121475,34.19219207763672,0.0,0.009972991421818733,0.017105283215641975,0.7611544132232666,0.07726188004016876,0.4841572344303131,0.09986010193824768,,,,,,,,,,,,
0.0,0.0,34.0,33,278,,,,,,,,,,,,0.0,0.011821972206234932,0.011821972206234932,34.191261291503906,0.0,0.03708276525139809,0.00815647654235363,0.017104314640164375,0.7611373066902161,0.07008813321590424,0.5770372748374939,0.09031228721141815
,,,33,278,0.0,0.010018208995461464,0.010018208995461464,34.19219207763672,0.0,0.009985570795834064,0.017105283215641975,0.7611544132232666,0.07717958092689514,0.4834511876106262,0.09992635250091553,,,,,,,,,,,,
0.0,0.0,35.0,34,286,,,,,,,,,,,,0.0,0.011728432960808277,0.011728432960808277,34.191261291503906,0.0,0.03690124675631523,0.008068498224020004,0.017104314640164375,0.7611373066902161,0.06945827603340149,0.5816009640693665,0.08982381969690323
,,,34,286,0.0,0.009861167520284653,0.009861167520284653,34.19218826293945,0.0,0.009883538819849491,0.017105283215641975,0.7611544728279114,0.07668334990739822,0.48875075578689575,0.09941188246011734,,,,,,,,,,,,
0.0,0.0,36.0,35,294,,,,,,,,,,,,0.0,0.011658580042421818,0.011658580042421818,34.191261291503906,0.0,0.03671585023403168,0.00795295462012291,0.017104314640164375,0.7611373066902161,0.06917095184326172,0.5875919461250305,0.08917833119630814
,,,35,294,0.0,0.009744023904204369,0.009744023904204369,34.19218826293945,0.0,0.009790957905352116,0.017105283215641975,0.7611544132232666,0.07629863172769547,0.4935774803161621,0.09894374012947083,,,,,,,,,,,,
0.0,0.0,37.0,36,302,,,,,,,,,,,,0.0,0.01151308324187994,0.01151308324187994,34.191261291503906,0.0,0.03644288331270218,0.00782548263669014,0.017104314640164375,0.7611373066902161,0.06841650605201721,0.5942011475563049,0.08846069127321243
,,,36,302,0.0,0.009660816751420498,0.009660816751420498,34.19219207763672,0.0,0.00974845141172409,0.017105283215641975,0.7611544728279114,0.0761142298579216,0.4956788122653961,0.09873179346323013,,,,,,,,,,,,
0.0,0.0,38.0,37,310,,,,,,,,,,,,0.0,0.011343362741172314,0.011343362741172314,34.191261291503906,0.0,0.03614744544029236,0.007699764333665371,0.017104314640164375,0.7611373066902161,0.06798435002565384,0.6007154583930969,0.08774726837873459
,,,37,310,0.0,0.009549354203045368,0.009549354203045368,34.19219207763672,0.0,0.009637386538088322,0.017105281352996826,0.7611544728279114,0.07563043385744095,0.5014338493347168,0.09816724807024002,,,,,,,,,,,,
0.0,0.0,39.0,38,318,,,,,,,,,,,,0.0,0.011183170601725578,0.011183170601725578,34.191261291503906,0.0,0.03583996742963791,0.007552479859441519,0.017104314640164375,0.7611373066902161,0.0672989934682846,0.6083515286445618,0.08690393716096878
,,,38,318,0.0,0.009360737167298794,0.009360737167298794,34.19219207763672,0.0,0.009616193361580372,0.017105283215641975,0.7611544728279114,0.07536591589450836,0.5026078820228577,0.09805966913700104,,,,,,,,,,,,
0.0,0.0,40.0,39,326,,,,,,,,,,,,0.0,0.01104066614061594,0.01104066614061594,34.191261291503906,0.0,0.035595834255218506,0.007450847886502743,0.017104314640164375,0.7611373066902161,0.06700225174427032,0.613622784614563,0.08631719648838043
,,,39,326,0.0,0.009234759956598282,0.009234759956598282,34.19218826293945,0.0,0.009512357413768768,0.017105283215641975,0.7611545324325562,0.07497643679380417,0.5079635381698608,0.09752828627824783,,,,,,,,,,,,
0.0,0.0,41.0,40,334,,,,,,,,,,,,0.0,0.010823946446180344,0.010823946446180344,34.191261291503906,0.0,0.03524266555905342,0.0073144021444022655,0.017104314640164375,0.7611373066902161,0.06604132056236267,0.620700478553772,0.08552306145429611
,,,40,334,0.0,0.009002827107906342,0.009002827107906342,34.19219207763672,0.0,0.009423622861504555,0.017105283215641975,0.7611544728279114,0.07463030517101288,0.512560248374939,0.09707392007112503,,,,,,,,,,,,
0.0,0.0,42.0,41,342,,,,,,,,,,,,0.0,0.01062969584017992,0.01062969584017992,34.191261291503906,0.0,0.03493373095989227,0.0071997190825641155,0.017104314640164375,0.7611373066902161,0.06570854038000107,0.6266481280326843,0.0848500058054924
,,,41,342,0.0,0.008856836706399918,0.008856836706399918,34.19219207763672,0.0,0.009386402554810047,0.017105283215641975,0.7611544132232666,0.0743609368801117,0.5145105719566345,0.09688278287649155,,,,,,,,,,,,
0.0,0.0,43.0,42,350,,,,,,,,,,,,0.0,0.010364767163991928,0.010364767163991928,34.191261291503906,0.0,0.03453756868839264,0.007068484555929899,0.017104314640164375,0.7611373066902161,0.06491003930568695,0.6334533095359802,0.08407307416200638
,,,42,350,0.0,0.008644883520901203,0.008644883520901203,34.19219207763672,0.0,0.009287958033382893,0.017105283215641975,0.7611544132232666,0.0739525556564331,0.5195908546447754,0.09637205302715302,,,,,,,,,,,,
0.0,0.0,44.0,43,358,,,,,,,,,,,,0.0,0.010109443217515945,0.010109443217515945,34.191261291503906,0.0,0.03416872397065163,0.006954966578632593,0.017104314640164375,0.7611373066902161,0.06462669372558594,0.6393377780914307,0.08339511603116989
,,,43,358,0.0,0.008626142516732216,0.008626142516732216,34.19219207763672,0.0,0.009198617190122604,0.017105283215641975,0.7611544132232666,0.07359197735786438,0.5241217017173767,0.09590722620487213,,,,,,,,,,,,
0.0,0.0,45.0,44,366,,,,,,,,,,,,0.0,0.009892056696116924,0.009892056696116924,34.191261291503906,0.0,0.033872950822114944,0.006876577623188496,0.017104314640164375,0.7611373066902161,0.06413287669420242,0.6434025764465332,0.0829237699508667
,,,44,366,0.0,0.008430265821516514,0.008430265821516514,34.19219207763672,0.0,0.009104307740926743,0.017105281352996826,0.7611544728279114,0.07323764264583588,0.529115617275238,0.09541144222021103,,,,,,,,,,,,
0.0,0.0,46.0,45,374,,,,,,,,,,,,0.0,0.009712622500956059,0.009712622500956059,34.191261291503906,0.0,0.03363397717475891,0.006817037705332041,0.017104314640164375,0.7611373066902161,0.06340362876653671,0.6464910507202148,0.08256396651268005
,,,45,374,0.0,0.008251996710896492,0.008251996710896492,34.19219207763672,0.0,0.008991898968815804,0.017105283215641975,0.7611544728279114,0.07266729325056076,0.5348973870277405,0.09482225030660629,,,,,,,,,,,,
0.0,0.0,47.0,46,382,,,,,,,,,,,,0.0,0.009645662270486355,0.009645662270486355,34.191261291503906,0.0,0.03354797139763832,0.006797991693019867,0.017104314640164375,0.7611373066902161,0.06334013491868973,0.6474788784980774,0.08244851976633072
,,,46,382,0.0,0.008157128468155861,0.008157128468155861,34.19219207763672,0.0,0.008957738988101482,0.017105283215641975,0.7611544132232666,0.07254348695278168,0.5366360545158386,0.09464365988969803,,,,,,,,,,,,
0.0,0.0,48.0,47,390,,,,,,,,,,,,0.0,0.00950262788683176,0.00950262788683176,34.191261291503906,0.0,0.033350083976984024,0.006743139121681452,0.017104314640164375,0.7611373066902161,0.06373094022274017,0.650320291519165,0.08211517333984375
,,,47,390,0.0,0.00815628282725811,0.00815628282725811,34.19219207763672,0.0,0.008932359516620636,0.017105283215641975,0.7611544132232666,0.07229799032211304,0.5380318760871887,0.09450529515743256,,,,,,,,,,,,
0.0,0.0,49.0,48,398,,,,,,,,,,,,0.0,0.0094567546620965,0.0094567546620965,34.191261291503906,0.0,0.033312562853097916,0.006751491688191891,0.017104314640164375,0.7611373066902161,0.06316854059696198,0.6498894691467285,0.08216609060764313
,,,48,398,0.0,0.008015052415430546,0.008015052415430546,34.19219207763672,0.0,0.008956655859947205,0.017105281352996826,0.7611544132232666,0.07247553020715714,0.5366847515106201,0.09463536739349365,,,,,,,,,,,,
0.0,0.0,50.0,49,406,,,,,,,,,,,,0.0,0.00940797571092844,0.00940797571092844,34.191261291503906,0.0,0.033222880214452744,0.0067105889320373535,0.017104314640164375,0.7611373066902161,0.06309130787849426,0.6520100235939026,0.08191675692796707
,,,49,406,0.0,0.007957256399095058,0.007957256399095058,34.19218826293945,0.0,0.008851667866110802,0.017105281352996826,0.7611544132232666,0.07190334796905518,0.5421613454818726,0.09407970309257507,,,,,,,,,,,,
0.0,0.0,51.0,50,414,,,,,,,,,,,,0.0,0.00939253345131874,0.00939253345131874,34.191261291503906,0.0,0.03321683779358864,0.006719987839460373,0.017104314640164375,0.7611373066902161,0.06379394233226776,0.6515203714370728,0.08197399228811264
,,,50,414,0.0,0.007997354492545128,0.007997354492545128,34.19219207763672,0.0,0.008860979229211807,0.017105283215641975,0.7611544132232666,0.07209942489862442,0.5416513085365295,0.09413018822669983,,,,,,,,,,,,
0.0,0.0,52.0,51,422,,,,,,,,,,,,0.0,0.009425584226846695,0.009425584226846695,34.191261291503906,0.0,0.033310770988464355,0.006780870724469423,0.017104314640164375,0.7611373066902161,0.06271462887525558,0.6483678817749023,0.08234468102455139
,,,51,422,0.0,0.008021412417292595,0.008021412417292595,34.19219207763672,0.0,0.008859868161380291,0.017105283215641975,0.7611544132232666,0.07214747369289398,0.5416432619094849,0.09412259608507156,,,,,,,,,,,,
0.0,0.0,53.0,52,430,,,,,,,,,,,,0.0,0.009395422413945198,0.009395422413945198,34.191261291503906,0.0,0.03318708389997482,0.0066873449832201,0.017104314640164375,0.7611373066902161,0.06307271122932434,0.6532138586044312,0.0817747637629509
,,,52,430,0.0,0.008035185746848583,0.008035185746848583,34.19219207763672,0.0,0.008856035768985748,0.017105285078287125,0.7611544728279114,0.0719924047589302,0.5418813228607178,0.09410390257835388,,,,,,,,,,,,
0.0,0.0,54.0,53,438,,,,,,,,,,,,0.0,0.009386491030454636,0.009386491030454636,34.191261291503906,0.0,0.033183395862579346,0.006692586001008749,0.017104314640164375,0.7611373066902161,0.06248122826218605,0.6529438495635986,0.08180687576532364
,,,53,438,0.0,0.007985914126038551,0.007985914126038551,34.19219207763672,0.0,0.00877317227423191,0.017105283215641975,0.7611544132232666,0.07152380049228668,0.5462503433227539,0.09365879744291306,,,,,,,,,,,,
0.0,0.0,55.0,54,446,,,,,,,,,,,,0.0,0.009341825731098652,0.009341825731098652,34.191261291503906,0.0,0.03314107283949852,0.006694929674267769,0.017104314640164375,0.7611373066902161,0.06240952014923096,0.6528223752975464,0.08182106167078018
,,,54,446,0.0,0.007998826913535595,0.007998826913535595,34.19219207763672,0.0,0.00876639038324356,0.017105283215641975,0.7611544728279114,0.07145212590694427,0.5465953350067139,0.09362442791461945,,,,,,,,,,,,
0.0,0.0,56.0,55,454,,,,,,,,,,,,0.0,0.009329968132078648,0.009329968132078648,34.191261291503906,0.0,0.03307878226041794,0.006644493900239468,0.017104314640164375,0.7611373066902161,0.06272793561220169,0.6554355621337891,0.08151225000619888
,,,55,454,0.0,0.008024360984563828,0.008024360984563828,34.19219207763672,0.0,0.00874809268862009,0.017105281352996826,0.7611544132232666,0.07146225869655609,0.547508716583252,0.09352895617485046,,,,,,,,,,,,
0.0,0.0,57.0,56,462,,,,,,,,,,,,0.0,0.0093462485820055,0.0093462485820055,34.191261291503906,0.0,0.03315315768122673,0.00670259166508913,0.017104314640164375,0.7611373066902161,0.062149908393621445,0.6524262428283691,0.08186782896518707
,,,56,462,0.0,0.008080687373876572,0.008080687373876572,34.19219207763672,0.0,0.008821453899145126,0.017105283215641975,0.7611544132232666,0.07190980762243271,0.5436777472496033,0.09392140060663223,,,,,,,,,,,,
0.0,0.0,58.0,57,470,,,,,,,,,,,,0.0,0.009356416761875153,0.009356416761875153,34.191261291503906,0.0,0.03310151398181915,0.006640780717134476,0.017104314640164375,0.7611373066902161,0.0625542625784874,0.6556286811828613,0.08148947358131409
,,,57,470,0.0,0.008115380071103573,0.008115380071103573,34.19219207763672,0.0,0.008772014640271664,0.017105281352996826,0.7611544132232666,0.0715920627117157,0.5462575554847717,0.09365642815828323,,,,,,,,,,,,
0.0,0.0,59.0,58,478,,,,,,,,,,,,0.0,0.009374799206852913,0.009374799206852913,34.191261291503906,0.0,0.03312085568904877,0.006641740445047617,0.017104314640164375,0.7611373066902161,0.06243380531668663,0.6555792689323425,0.08149537444114685
,,,58,478,0.0,0.008208001963794231,0.008208001963794231,34.19219207763672,0.0,0.008754740469157696,0.017105281352996826,0.7611544728279114,0.07151325792074203,0.5471891164779663,0.09356318414211273,,,,,,,,,,,,
0.0,0.0,60.0,59,486,,,,,,,,,,,,0.0,0.009371278807520866,0.009371278807520866,34.191261291503906,0.0,0.03312372788786888,0.006648134905844927,0.017104314640164375,0.7611373066902161,0.06226346269249916,0.6552482843399048,0.08153458684682846
,,,59,486,0.0,0.008096099831163883,0.008096099831163883,34.19219207763672,0.0,0.008710738271474838,0.017105283215641975,0.7611544728279114,0.07136505842208862,0.5494253039360046,0.09332834184169769,,,,,,,,,,,,
0.0,0.0,61.0,60,494,,,,,,,,,,,,0.0,0.009371605701744556,0.009371605701744556,34.191261291503906,0.0,0.03308060020208359,0.0066046821884810925,0.017104314640164375,0.7611373066902161,0.062240034341812134,0.6575005054473877,0.0812675952911377
,,,60,494,0.0,0.008233562111854553,0.008233562111854553,34.19219207763672,0.0,0.008654622361063957,0.017105283215641975,0.7611544728279114,0.07119729369878769,0.5523275136947632,0.09302747994661331,,,,,,,,,,,,
0.0,0.0,62.0,61,502,,,,,,,,,,,,0.0,0.009358418174088001,0.009358418174088001,34.191261291503906,0.0,0.033090170472860336,0.0066274371929466724,0.017104314640164375,0.7611373066902161,0.061967670917510986,0.6563215851783752,0.0814075693488121
,,,61,502,0.0,0.008229556493461132,0.008229556493461132,34.19218826293945,0.0,0.008644209243357182,0.017105283215641975,0.7611544728279114,0.07105419039726257,0.5528547167778015,0.09297092258930206,,,,,,,,,,,,
0.0,0.0,63.0,62,510,,,,,,,,,,,,0.0,0.009299203753471375,0.009299203753471375,34.191261291503906,0.0,0.032992541790008545,0.0065890224650502205,0.017104314640164375,0.7611373066902161,0.061822373420000076,0.6583129167556763,0.0811711996793747
,,,62,510,0.0,0.008312636986374855,0.008312636986374855,34.19219207763672,0.0,0.008664686232805252,0.017105283215641975,0.7611544728279114,0.07115992158651352,0.5517522096633911,0.09308189898729324,,,,,,,,,,,,
0.0,0.0,64.0,63,518,,,,,,,,,,,,0.0,0.009313059039413929,0.009313059039413929,34.191261291503906,0.0,0.03300313651561737,0.006585760973393917,0.017104314640164375,0.7611373066902161,0.061632633209228516,0.6584827899932861,0.08115118741989136
,,,63,518,0.0,0.008209781721234322,0.008209781721234322,34.19219207763672,0.0,0.008613764308393002,0.017105283215641975,0.7611544132232666,0.07097076624631882,0.5544333457946777,0.092807836830616,,,,,,,,,,,,
0.0,0.0,65.0,64,526,,,,,,,,,,,,0.0,0.009301134385168552,0.009301134385168552,34.191261291503906,0.0,0.032970231026411057,0.006564782001078129,0.017104314640164375,0.7611373066902161,0.061840884387493134,0.6595693826675415,0.08102180808782578
,,,64,526,0.0,0.00833878293633461,0.00833878293633461,34.19219207763672,0.0,0.0086160684004426,0.017105281352996826,0.7611544728279114,0.07090926915407181,0.5543768405914307,0.09281875938177109,,,,,,,,,,,,
0.0,0.0,66.0,65,534,,,,,,,,,,,,0.0,0.009295796044170856,0.009295796044170856,34.191261291503906,0.0,0.032959192991256714,0.006559084169566631,0.017104314640164375,0.7611373066902161,0.06143008917570114,0.6598660945892334,0.08098664879798889
,,,65,534,0.0,0.008329696021974087,0.008329696021974087,34.19219207763672,0.0,0.00857501570135355,0.017105281352996826,0.7611544132232666,0.07093051075935364,0.5565001368522644,0.0925963819026947,,,,,,,,,,,,
0.0,0.0,67.0,66,542,,,,,,,,,,,,0.0,0.009266389533877373,0.009266389533877373,34.191261291503906,0.0,0.03289653733372688,0.00652583222836256,0.017104314640164375,0.7611373066902161,0.06240431219339371,0.6615856885910034,0.08078109472990036
,,,66,542,0.0,0.008320632390677929,0.008320632390677929,34.19219207763672,0.0,0.008528396487236023,0.017105281352996826,0.7611544728279114,0.07046037912368774,0.5588684678077698,0.09234653413295746,,,,,,,,,,,,
0.0,0.0,68.0,67,550,,,,,,,,,,,,0.0,0.00926110241562128,0.00926110241562128,34.191261291503906,0.0,0.03292926028370857,0.006563841365277767,0.017104314640164375,0.7611373066902161,0.06097458675503731,0.6596214175224304,0.08101590722799301
,,,67,550,0.0,0.008415710180997849,0.008415710180997849,34.19219207763672,0.0,0.008456818759441376,0.017105283215641975,0.7611544728279114,0.07058335095643997,0.5625231862068176,0.09196021407842636,,,,,,,,,,,,
0.0,0.0,69.0,68,558,,,,,,,,,,,,0.0,0.009239926934242249,0.009239926934242249,34.191261291503906,0.0,0.03282304108142853,0.0064787971787154675,0.017104314640164375,0.7611373066902161,0.0618608333170414,0.6640265583992004,0.08048956096172333
,,,68,558,0.0,0.008288932032883167,0.008288932032883167,34.19219207763672,0.0,0.008433130569756031,0.017105283215641975,0.7611544132232666,0.07010263204574585,0.563812255859375,0.09183114767074585,,,,,,,,,,,,
0.0,0.0,70.0,69,566,,,,,,,,,,,,0.0,0.00922759622335434,0.00922759622335434,34.191261291503906,0.0,0.03281087428331375,0.006478963885456324,0.017104314640164375,0.7611373066902161,0.06102905794978142,0.6640204787254333,0.08049046248197556
,,,69,566,0.0,0.008420633152127266,0.008420633152127266,34.19218826293945,0.0,0.008409135974943638,0.017105281352996826,0.7611544132232666,0.07014235854148865,0.5650455355644226,0.09169898927211761,,,,,,,,,,,,
0.0,0.0,71.0,70,574,,,,,,,,,,,,0.0,0.009211665950715542,0.009211665950715542,34.191261291503906,0.0,0.03284156695008278,0.006525584030896425,0.017104314640164375,0.7611373066902161,0.06040247902274132,0.661605954170227,0.0807795450091362
,,,70,574,0.0,0.008413400501012802,0.008413400501012802,34.19218826293945,0.0,0.008404063060879707,0.017105281352996826,0.7611544728279114,0.07014941424131393,0.5653069615364075,0.09166993945837021,,,,,,,,,,,,
0.0,0.0,72.0,71,582,,,,,,,,,,,,0.0,0.009171409532427788,0.009171409532427788,34.191261291503906,0.0,0.03265875205397606,0.006383029744029045,0.017104314640164375,0.7611373066902161,0.061283744871616364,0.6689918041229248,0.07989241182804108
,,,71,582,0.0,0.008370633237063885,0.008370633237063885,34.19219207763672,0.0,0.00830830167979002,0.017105283215641975,0.7611544132232666,0.06958481669425964,0.5701057314872742,0.09114808589220047,,,,,,,,,,,,
0.0,0.0,73.0,72,590,,,,,,,,,,,,0.0,0.009105009026825428,0.009105009026825428,34.191261291503906,0.0,0.03264225646853447,0.006432931404560804,0.017104314640164375,0.7611373066902161,0.06022465601563454,0.6664089560508728,0.0802038162946701
,,,72,590,0.0,0.008342803455889225,0.008342803455889225,34.19218826293945,0.0,0.008275932632386684,0.017105283215641975,0.7611544728279114,0.06952521950006485,0.5718108415603638,0.09097061306238174,,,,,,,,,,,,
0.0,0.0,74.0,73,598,,,,,,,,,,,,0.0,0.00912791583687067,0.00912791583687067,34.191261291503906,0.0,0.03256656229496002,0.006334332283586264,0.017104314640164375,0.7611373066902161,0.060391198843717575,0.6715195178985596,0.07958699762821198
,,,73,598,0.0,0.008330880664288998,0.008330880664288998,34.19219207763672,0.0,0.008220131509006023,0.017105281352996826,0.7611544132232666,0.06915822625160217,0.5748229026794434,0.09066320955753326,,,,,,,,,,,,
0.0,0.0,75.0,74,606,,,,,,,,,,,,0.0,0.009173428639769554,0.009173428639769554,34.191261291503906,0.0,0.032585375010967255,0.006307629868388176,0.017104314640164375,0.7611373066902161,0.06054842844605446,0.6729030609130859,0.07941915839910507
,,,74,606,0.0,0.008391809649765491,0.008391809649765491,34.19219207763672,0.0,0.008196071721613407,0.017105283215641975,0.7611544132232666,0.06923586130142212,0.5760176181793213,0.09052857756614685,,,,,,,,,,,,
0.0,0.0,76.0,75,614,,,,,,,,,,,,0.0,0.009060554206371307,0.009060554206371307,34.191261291503906,0.0,0.03242836520075798,0.006263492628931999,0.017104314640164375,0.7611373066902161,0.0600384920835495,0.6751924753189087,0.07914052158594131
,,,75,614,0.0,0.00827544741332531,0.00827544741332531,34.19219207763672,0.0,0.00819785799831152,0.017105283215641975,0.7611544728279114,0.06901530176401138,0.5759132504463196,0.09053681790828705,,,,,,,,,,,,
0.0,0.0,77.0,76,622,,,,,,,,,,,,0.0,0.009083944372832775,0.009083944372832775,34.191261291503906,0.0,0.03249818831682205,0.006309928838163614,0.017104314640164375,0.7611373066902161,0.059488143771886826,0.6727884411811829,0.07943349331617355
,,,76,622,0.0,0.008307099342346191,0.008307099342346191,34.19219207763672,0.0,0.008103243075311184,0.017105283215641975,0.7611544728279114,0.06868233531713486,0.5808565616607666,0.09001077711582184,,,,,,,,,,,,
0.0,0.0,78.0,77,630,,,,,,,,,,,,0.0,0.00911134947091341,0.00911134947091341,34.191261291503906,0.0,0.03243422135710716,0.006218558177351952,0.017104314640164375,0.7611373066902161,0.05906573683023453,0.6775258779525757,0.07885602861642838
,,,77,630,0.0,0.008269756101071835,0.008269756101071835,34.19219207763672,0.0,0.008088690228760242,0.017105283215641975,0.7611544728279114,0.06859472393989563,0.5814917087554932,0.08993088454008102,,,,,,,,,,,,
0.0,0.0,79.0,78,638,,,,,,,,,,,,0.0,0.009026081301271915,0.009026081301271915,34.191261291503906,0.0,0.03228168562054634,0.006151285488158464,0.017104314640164375,0.7611373066902161,0.060055237263441086,0.6810076832771301,0.07842851430177689
,,,78,638,0.0,0.008304087445139885,0.008304087445139885,34.19218826293945,0.0,0.008107981644570827,0.017105285078287125,0.7611544728279114,0.06841184943914413,0.5804537534713745,0.09004288166761398,,,,,,,,,,,,
0.0,0.0,80.0,79,646,,,,,,,,,,,,0.0,0.009112631902098656,0.009112631902098656,34.191261291503906,0.0,0.03230776637792587,0.00609081843867898,0.017104314640164375,0.7611373066902161,0.05900223180651665,0.6841474771499634,0.07804211974143982
,,,79,646,0.0,0.008190999738872051,0.008190999738872051,34.192195892333984,0.0,0.007992548868060112,0.017105283215641975,0.7611544132232666,0.06807254254817963,0.5865584015846252,0.08939839899539948,,,,,,,,,,,,
0.0,0.0,81.0,80,654,,,,,,,,,,,,0.0,0.009023276157677174,0.009023276157677174,34.191261291503906,0.0,0.03224080801010132,0.006113213952630758,0.017104314640164375,0.7611373066902161,0.058295976370573044,0.6829891800880432,0.07818516343832016
,,,80,654,0.0,0.008336348459124565,0.008336348459124565,34.19219207763672,0.0,0.007954155094921589,0.017105283215641975,0.7611544132232666,0.06779799610376358,0.5885196328163147,0.08918587863445282,,,,,,,,,,,,
0.0,0.0,82.0,81,662,,,,,,,,,,,,0.0,0.00907918531447649,0.00907918531447649,34.191261291503906,0.0,0.03217899426817894,0.005995489656925201,0.017104314640164375,0.7611373066902161,0.058462511748075485,0.6890902519226074,0.07742884755134583
,,,81,662,0.0,0.008235343731939793,0.008235343731939793,34.19218826293945,0.0,0.007899118587374687,0.017105283215641975,0.7611544728279114,0.0673552080988884,0.5914247035980225,0.08887285739183426,,,,,,,,,,,,
0.0,0.0,83.0,82,670,,,,,,,,,,,,0.0,0.009028524160385132,0.009028524160385132,34.191261291503906,0.0,0.032117586582899094,0.005984746851027012,0.017104314640164375,0.7611373066902161,0.0580824539065361,0.6896477341651917,0.0773591548204422
,,,82,670,0.0,0.008190032094717026,0.008190032094717026,34.19219207763672,0.0,0.007861597463488579,0.017105283215641975,0.7611544728279114,0.06707645207643509,0.5933822989463806,0.08866328746080399,,,,,,,,,,,,
0.0,0.0,84.0,83,678,,,,,,,,,,,,0.0,0.008961607702076435,0.008961607702076435,34.191261291503906,0.0,0.031975843012332916,0.005909918341785669,0.017104314640164375,0.7611373066902161,0.05723675712943077,0.6935297250747681,0.07687419652938843
,,,83,678,0.0,0.008175640366971493,0.008175640366971493,34.19219207763672,0.0,0.00780507642775774,0.017105283215641975,0.7611544132232666,0.0667237862944603,0.5963222980499268,0.08834390342235565,,,,,,,,,,,,
0.0,0.0,85.0,84,686,,,,,,,,,,,,0.0,0.009032576344907284,0.009032576344907284,34.191261291503906,0.0,0.032027218490839005,0.005890326574444771,0.017104314640164375,0.7611373066902161,0.0568866953253746,0.6945466995239258,0.0767466351389885
,,,84,686,0.0,0.00800374150276184,0.00800374150276184,34.19219207763672,0.0,0.007782754022628069,0.017105281352996826,0.7611544728279114,0.0664329081773758,0.5974604487419128,0.08821763098239899,,,,,,,,,,,,
0.0,0.0,86.0,85,694,,,,,,,,,,,,0.0,0.008968386799097061,0.008968386799097061,34.191261291503906,0.0,0.03193333372473717,0.0058606332167983055,0.017104314640164375,0.7611373066902161,0.05646929144859314,0.6960870623588562,0.07655297219753265
,,,85,694,0.0,0.008196534588932991,0.008196534588932991,34.19219207763672,0.0,0.007760697044432163,0.017105281352996826,0.7611544728279114,0.06640893965959549,0.5985321998596191,0.08809281885623932,,,,,,,,,,,,
0.0,0.0,87.0,86,702,,,,,,,,,,,,0.0,0.00892049539834261,0.00892049539834261,34.191261291503906,0.0,0.03187810629606247,0.005853294860571623,0.017104314640164375,0.7611373066902161,0.05570753663778305,0.696469783782959,0.07650452852249146
,,,86,702,0.0,0.007917899638414383,0.007917899638414383,34.19219207763672,0.0,0.0077295382507145405,0.017105281352996826,0.7611544728279114,0.06614644825458527,0.6001902222633362,0.08790893852710724,,,,,,,,,,,,
0.0,0.0,88.0,87,710,,,,,,,,,,,,0.0,0.008901985362172127,0.008901985362172127,34.191261291503906,0.0,0.031737830489873886,0.005731530021876097,0.017104314640164375,0.7611373066902161,0.05670798569917679,0.7027768492698669,0.0757051482796669
,,,87,710,0.0,0.008036825805902481,0.008036825805902481,34.19218826293945,0.0,0.007697634398937225,0.017105283215641975,0.7611545324325562,0.0657549500465393,0.6017602682113647,0.08773479610681534,,,,,,,,,,,,
0.0,0.0,89.0,88,718,,,,,,,,,,,,0.0,0.008753267116844654,0.008753267116844654,34.191261291503906,0.0,0.03166183456778526,0.005804251879453659,0.017104314640164375,0.7611373066902161,0.05637141689658165,0.6990069150924683,0.07618339359760284
,,,88,718,0.0,0.007833023555576801,0.007833023555576801,34.19219207763672,0.0,0.007635204121470451,0.017105281352996826,0.7611544132232666,0.06546737998723984,0.6050496101379395,0.0873759314417839,,,,,,,,,,,,
0.0,0.0,90.0,89,726,,,,,,,,,,,,0.0,0.00888450350612402,0.00888450350612402,34.191261291503906,0.0,0.03165864199399948,0.005669821985065937,0.017104314640164375,0.7611373066902161,0.054880667477846146,0.7059816718101501,0.07529626786708832
,,,89,726,0.0,0.007791978772729635,0.007791978772729635,34.19219207763672,0.0,0.007655165158212185,0.017105281352996826,0.7611544728279114,0.06568367779254913,0.6040670275688171,0.08749090880155563,,,,,,,,,,,,
0.0,0.0,91.0,90,734,,,,,,,,,,,,0.0,0.00879987794905901,0.00879987794905901,34.191261291503906,0.0,0.03172933682799339,0.005825144704431295,0.017104314640164375,0.7611373066902161,0.05456452816724777,0.6979320049285889,0.07632030546665192
,,,90,734,0.0,0.007787568960338831,0.007787568960338831,34.19219207763672,0.0,0.007626401726156473,0.017105283215641975,0.7611544728279114,0.06548326462507248,0.6054940223693848,0.08732418715953827,,,,,,,,,,,,
0.0,0.0,92.0,91,742,,,,,,,,,,,,0.0,0.008815068751573563,0.008815068751573563,34.191261291503906,0.0,0.03154916316270828,0.0056297751143574715,0.017104314640164375,0.7611373066902161,0.054727986454963684,0.7080575227737427,0.07503011077642441
,,,91,742,0.0,0.007763704750686884,0.007763704750686884,34.19218826293945,0.0,0.0076134526170790195,0.017105283215641975,0.7611544132232666,0.06524206697940826,0.6061959862709045,0.08725269883871078,,,,,,,,,,,,
0.0,0.0,93.0,92,750,,,,,,,,,,,,0.0,0.00862948503345251,0.00862948503345251,34.191261291503906,0.0,0.03141488507390022,0.005681083537638187,0.017104314640164375,0.7611373066902161,0.055042967200279236,0.7053949236869812,0.07537057250738144
,,,92,750,0.0,0.0077377851121127605,0.0077377851121127605,34.19219207763672,0.0,0.007588707841932774,0.017105283215641975,0.7611544132232666,0.0649649053812027,0.6074906587600708,0.08711186051368713,,,,,,,,,,,,
0.0,0.0,94.0,93,758,,,,,,,,,,,,0.0,0.008733286522328854,0.008733286522328854,34.191261291503906,0.0,0.03140734136104584,0.005569737870246172,0.017104314640164375,0.7611373066902161,0.054838474839925766,0.7111676931381226,0.07462872564792633
,,,93,758,0.0,0.007624830584973097,0.007624830584973097,34.19219207763672,0.0,0.007568810135126114,0.017105281352996826,0.7611544132232666,0.06483574211597443,0.6084542274475098,0.08699753135442734,,,,,,,,,,,,
0.0,0.0,95.0,94,766,,,,,,,,,,,,0.0,0.008607990108430386,0.008607990108430386,34.191261291503906,0.0,0.03131010755896568,0.00559780141338706,0.017104314640164375,0.7611373066902161,0.05409768223762512,0.7097157835960388,0.0748162716627121
,,,94,766,0.0,0.0077038658782839775,0.0077038658782839775,34.19219207763672,0.0,0.007564909756183624,0.017105283215641975,0.7611544728279114,0.06498756259679794,0.6086767911911011,0.08697356283664703,,,,,,,,,,,,
0.0,0.0,96.0,95,774,,,,,,,,,,,,0.0,0.008742783218622208,0.008742783218622208,34.191261291503906,0.0,0.03143570199608803,0.00558860506862402,0.017104314640164375,0.7611373066902161,0.05373882129788399,0.7101941108703613,0.07475493103265762
,,,95,774,0.0,0.007641280069947243,0.007641280069947243,34.19219207763672,0.0,0.007536150515079498,0.017105281352996826,0.7611544132232666,0.06482130289077759,0.6101841330528259,0.08680856227874756,,,,,,,,,,,,
0.0,0.0,97.0,96,782,,,,,,,,,,,,0.0,0.008635757490992546,0.008635757490992546,34.191261291503906,0.0,0.031330179423093796,0.005590110085904598,0.017104314640164375,0.7611373066902161,0.053738683462142944,0.7101150751113892,0.07476481050252914
,,,96,782,0.0,0.007651959080249071,0.007651959080249071,34.19219207763672,0.0,0.007536429911851883,0.017105283215641975,0.7611544132232666,0.0647326186299324,0.6101886630058289,0.08681042492389679,,,,,,,,,,,,
0.0,0.0,98.0,97,790,,,,,,,,,,,,0.0,0.008583811111748219,0.008583811111748219,34.191261291503906,0.0,0.03119608759880066,0.005507960915565491,0.017104314640164375,0.7611373066902161,0.053818922489881516,0.7143728733062744,0.07421351224184036
,,,97,790,0.0,0.007659458555281162,0.007659458555281162,34.19218826293945,0.0,0.007491798140108585,0.017105283215641975,0.7611544132232666,0.06440921872854233,0.6124635338783264,0.08655476570129395,,,,,,,,,,,,
0.0,0.0,99.0,98,798,,,,,,,,,,,,0.0,0.008522110991179943,0.008522110991179943,34.191261291503906,0.0,0.031168600544333458,0.005542173516005278,0.017104314640164375,0.7611373066902161,0.054393328726291656,0.7125962972640991,0.07444353401660919
,,,98,798,0.0,0.0075894007459282875,0.0075894007459282875,34.19218826293945,0.0,0.007454326841980219,0.017105281352996826,0.7611543536186218,0.06421902775764465,0.6143746376037598,0.08633507043123245,,,,,,,,,,,,
0.0,0.0,100.0,99,806,,,,,,,,,,,,0.0,0.008566663600504398,0.008566663600504398,34.191261291503906,0.0,0.03121272847056389,0.005541748367249966,0.017104314640164375,0.7611373066902161,0.05352581664919853,0.7126216888427734,0.07444039732217789
,,,99,806,0.0,0.007592294830828905,0.007592294830828905,34.19219207763672,0.0,0.007481987122446299,0.017105281352996826,0.7611544728279114,0.06452015787363052,0.6130064725875854,0.08649733662605286,,,,,,,,,,,,
0.0,1.0,2.0,100,814,,,,,,,,,,,,0.0,0.008614622987806797,0.008614622987806797,32.740135192871094,0.0003274013288319111,0.023598499596118927,0.005873559042811394,0.008782917633652687,0.7195139527320862,0.05299840867519379,0.6954247951507568,0.07663509994745255
,,,100,814,0.0,0.00743773952126503,0.00743773952126503,33.596744537353516,0.000335967488354072,0.0073664989322423935,0.01316140964627266,0.7441801428794861,0.06357333809137344,0.6167840957641602,0.08582573384046555,,,,,,,,,,,,
0.0,1.0,3.0,101,822,,,,,,,,,,,,0.0,0.008762292563915253,0.008762292563915253,31.17884063720703,0.0003117883752565831,0.020098581910133362,0.006452410016208887,0.004572090692818165,0.6747387647628784,0.054304562509059906,0.6654139161109924,0.08032187819480896
,,,101,822,0.0,0.007378860376775265,0.007378860376775265,32.063629150390625,0.0003206362889613956,0.0075072660110890865,0.006721020210534334,0.7000375986099243,0.06326302886009216,0.6094954013824463,0.08664090931415558,,,,,,,,,,,,
0.0,1.0,4.0,102,830,,,,,,,,,,,,0.0,0.008914344944059849,0.008914344944059849,29.830036163330078,0.0002983003796543926,0.018603507429361343,0.006886837538331747,0.0025040260516107082,0.6364057660102844,0.055679310113191605,0.6428892016410828,0.08298151940107346
,,,102,830,0.0,0.007321032229810953,0.007321032229810953,30.58240509033203,0.0003058239817619324,0.007708884309977293,0.0035781641490757465,0.6578013300895691,0.0631747618317604,0.598950207233429,0.08779453486204147,,,,,,,,,,,,
0.0,1.0,5.0,103,838,,,,,,,,,,,,0.0,0.008984468877315521,0.008984468877315521,28.734067916870117,0.000287340662907809,0.017697246745228767,0.006999948527663946,0.001425490016117692,0.6048863530158997,0.05611260235309601,0.6370245218276978,0.08366015553474426
,,,103,838,0.0,0.007271486800163984,0.007271486800163984,29.341388702392578,0.00029341387562453747,0.00797491054981947,0.0019826600328087807,0.6223570704460144,0.06348726898431778,0.585163414478302,0.08929385244846344,,,,,,,,,,,,
0.0,1.0,6.0,104,846,,,,,,,,,,,,0.0,0.009063285775482655,0.009063285775482655,27.84085464477539,0.0002784085227176547,0.017270691692829132,0.0070326062850654125,0.0008963885484263301,0.5799012184143066,0.05626803636550903,0.6353312730789185,0.083855040371418
,,,104,846,0.0,0.007293868809938431,0.007293868809938431,28.34284019470215,0.00028342840960249305,0.008171595633029938,0.001167984097264707,0.5937908887863159,0.0640149861574173,0.5749148726463318,0.09039123356342316,,,,,,,,,,,,
0.0,1.0,7.0,105,854,,,,,,,,,,,,0.0,0.009171247482299805,0.009171247482299805,27.097572326660156,0.0002709756954573095,0.017088165506720543,0.0070107923820614815,0.0006351497722789645,0.5603910684585571,0.056270018219947815,0.6364619731903076,0.08372491598129272
,,,105,854,0.0,0.007246571127325296,0.007246571127325296,27.508167266845703,0.0002750816638581455,0.008343886584043503,0.0007703580777160823,0.5710883140563965,0.06424311548471451,0.5659050941467285,0.09133995324373245,,,,,,,,,,,,
0.0,1.0,8.0,106,862,,,,,,,,,,,,0.0,0.009232408367097378,0.009232408367097378,26.509902954101562,0.00026509902090765536,0.016947146505117416,0.006946918088942766,0.0005027209990657866,0.5456385016441345,0.056098874658346176,0.6397730112075806,0.08334269374608994
,,,106,862,0.0,0.0072166454046964645,0.0072166454046964645,26.830251693725586,0.0002683025086298585,0.008647918701171875,0.0005707106320187449,0.553656816482544,0.06509547680616379,0.5501040816307068,0.09299033135175705,,,,,,,,,,,,
0.0,1.0,9.0,107,870,,,,,,,,,,,,0.0,0.009313968941569328,0.009313968941569328,26.15545654296875,0.0002615545818116516,0.01687885820865631,0.0068706185556948185,0.00043271653703413904,0.5365555286407471,0.056001488119363785,0.643726646900177,0.08288394659757614
,,,107,870,0.0,0.007182648871093988,0.007182648871093988,26.331388473510742,0.0002633138792589307,0.008840139023959637,0.0004673955263569951,0.5411507487297058,0.06551904231309891,0.5400588512420654,0.09401623904705048,,,,,,,,,,,,
0.0,1.0,10.0,108,878,,,,,,,,,,,,0.0,0.009259534068405628,0.009259534068405628,25.988197326660156,0.00025988195557147264,0.01666201651096344,0.006730206310749054,0.000412394612794742,0.5318211913108826,0.05558275803923607,0.6510045528411865,0.08203266561031342
,,,108,878,0.0,0.007130996324121952,0.007130996324121952,26.077922821044922,0.00026077922666445374,0.00907741766422987,0.00041951716411858797,0.5343770980834961,0.06610963493585587,0.5278292298316956,0.09526767581701279,,,,,,,,,,,,
0.0,1.0,11.0,109,886,,,,,,,,,,,,0.0,0.009082681499421597,0.009082681499421597,25.780071258544922,0.00025780071155168116,0.016315236687660217,0.0065633635967969894,0.00041139169479720294,0.5266219973564148,0.05494753271341324,0.6596547961235046,0.08100930601358414
,,,109,886,0.0,0.0070421709679067135,0.0070421709679067135,25.894027709960938,0.00025894027203321457,0.0090147964656353,0.000407522136811167,0.5294747948646545,0.06603239476680756,0.531024158000946,0.09494137763977051,,,,,,,,,,,,
0.0,1.0,12.0,110,894,,,,,,,,,,,,0.0,0.00917909387499094,0.00917909387499094,25.467817306518555,0.0002546781615819782,0.016398293897509575,0.006581438705325127,0.0003830837958958,0.5195661187171936,0.05510922148823738,0.6587146520614624,0.08112091571092606
,,,110,894,0.0,0.0069929324090480804,0.0069929324090480804,25.651166915893555,0.0002565116446930915,0.008987775072455406,0.00040203597745858133,0.523676872253418,0.06578002870082855,0.5324518084526062,0.09480041265487671,,,,,,,,,,,,
0.0,1.0,13.0,111,902,,,,,,,,,,,,0.0,0.009439525194466114,0.009439525194466114,25.126684188842773,0.0002512668143026531,0.016835927963256836,0.006801287177950144,0.00034384781611151993,0.512114405632019,0.05623045936226845,0.6473091840744019,0.08246519416570663
,,,111,902,0.0,0.006958127953112125,0.006958127953112125,25.327926635742188,0.0002532791986595839,0.009184731170535088,0.00035938178189098835,0.5164821147918701,0.06634929031133652,0.5222880840301514,0.09582241624593735,,,,,,,,,,,,
0.0,1.0,14.0,112,910,,,,,,,,,,,,0.0,0.009180368855595589,0.009180368855595589,24.866792678833008,0.00024866790045052767,0.01647363230586052,0.00669525982812047,0.00034933554707095027,0.5064431428909302,0.055798113346099854,0.6528068780899048,0.08181971311569214
,,,112,910,0.0,0.006881898734718561,0.006881898734718561,25.00128746032715,0.0002500128757674247,0.009090114384889603,0.0003518375160638243,0.5093898773193359,0.06624078005552292,0.5271121859550476,0.09533711522817612,,,,,,,,,,,,
0.0,1.0,15.0,113,918,,,,,,,,,,,,0.0,0.009120514616370201,0.009120514616370201,24.760995864868164,0.0002476099762134254,0.01640532724559307,0.006700959987938404,0.00033624234492890537,0.5038809180259705,0.05584504082798958,0.6525110006332397,0.08185449987649918
,,,113,918,0.0,0.0068934084847569466,0.0068934084847569466,24.813961029052734,0.0002481395786162466,0.009072658605873585,0.00033970081130973995,0.505189061164856,0.06597821414470673,0.5279908180236816,0.09524670243263245,,,,,,,,,,,,
0.0,1.0,16.0,114,926,,,,,,,,,,,,0.0,0.009062733501195908,0.009062733501195908,24.4942569732666,0.00024494255194440484,0.016323542222380638,0.006687978282570839,0.00032788797398097813,0.4982386529445648,0.055745258927345276,0.6531840562820435,0.08177509903907776
,,,114,926,0.0,0.006836668122559786,0.006836668122559786,24.644672393798828,0.0002464467252139002,0.008839985355734825,0.0003359824768267572,0.5014144778251648,0.06527765095233917,0.5400989651679993,0.09401490539312363,,,,,,,,,,,,
0.0,1.0,17.0,115,934,,,,,,,,,,,,0.0,0.009038259275257587,0.009038259275257587,24.180822372436523,0.0002418082149233669,0.01593024842441082,0.006366868037730455,0.0002833126927725971,0.4916658401489258,0.05423680692911148,0.669835090637207,0.07978775352239609
,,,115,934,0.0,0.00677693635225296,0.00677693635225296,24.369083404541016,0.00024369085440412164,0.009074440225958824,0.0003044292679987848,0.49559909105300903,0.06588874012231827,0.5279770493507385,0.09525470435619354,,,,,,,,,,,,
0.0,1.0,18.0,116,942,,,,,,,,,,,,0.0,0.008788743056356907,0.008788743056356907,23.759851455688477,0.00023759849136695266,0.016071448102593422,0.00671957153826952,0.0003255348710808903,0.4830438792705536,0.05588432401418686,0.6515437364578247,0.08196815848350525
,,,116,942,0.0,0.006774133071303368,0.006774133071303368,23.98502540588379,0.00023985026928130537,0.00902283750474453,0.00029564855503849685,0.48764902353286743,0.06587836146354675,0.5305506587028503,0.09498611092567444,,,,,,,,,,,,
0.0,1.0,19.0,117,950,,,,,,,,,,,,0.0,0.008496473543345928,0.008496473543345928,23.419879913330078,0.00023419881472364068,0.014904085546731949,0.005906640086323023,0.0002667732769623399,0.47600147128105164,0.051934871822595596,0.6937057375907898,0.0768495574593544
,,,117,950,0.0,0.006763068027794361,0.006763068027794361,23.595914840698242,0.00023595911625307053,0.008985699154436588,0.00030071448418311775,0.47965386509895325,0.06576617062091827,0.5326094031333923,0.09478753805160522,,,,,,,,,,,,
0.0,1.0,20.0,118,958,,,,,,,,,,,,0.0,0.008580692112445831,0.008580692112445831,23.170658111572266,0.0002317065664101392,0.015114322304725647,0.006023809779435396,0.0002781134971883148,0.4708585739135742,0.05252927914261818,0.6876270771026611,0.07760801911354065
,,,118,958,0.0,0.006715807598084211,0.006715807598084211,23.32218360900879,0.00023322181368712336,0.009047243744134903,0.0002697545278351754,0.47397947311401367,0.06574834883213043,0.5293962955474854,0.09510612487792969,,,,,,,,,,,,
0.0,1.0,21.0,119,966,,,,,,,,,,,,0.0,0.008384433574974537,0.008384433574974537,22.8938045501709,0.00022893804998602718,0.014773599803447723,0.00590509595349431,0.000255131017183885,0.4650764465332031,0.0518367700278759,0.6937886476516724,0.07683956623077393
,,,119,966,0.0,0.00668401038274169,0.00668401038274169,23.041990280151367,0.00023041987151373178,0.008867548778653145,0.0002771318831946701,0.46819567680358887,0.06502480804920197,0.5387030243873596,0.09416144341230392,,,,,,,,,,,,
0.0,1.0,22.0,120,974,,,,,,,,,,,,0.0,0.008339203894138336,0.008339203894138336,22.597671508789062,0.00022597669158130884,0.014792999252676964,0.005947069264948368,0.00028074911097064614,0.4590112268924713,0.05213293805718422,0.6916069984436035,0.07711201161146164
,,,120,974,0.0,0.006661503575742245,0.006661503575742245,22.757909774780273,0.00022757910483051091,0.009019048884510994,0.0002527866163291037,0.4622836410999298,0.06562266498804092,0.5307915806770325,0.09496331959962845,,,,,,,,,,,,
0.0,1.0,23.0,121,982,,,,,,,,,,,,0.0,0.008300535380840302,0.008300535380840302,22.1809024810791,0.00022180902305990458,0.014853539876639843,0.00609395420178771,0.00023724105267319828,0.4503616988658905,0.05261393263936043,0.6839961409568787,0.07805953919887543
,,,121,982,0.0,0.006608837749809027,0.006608837749809027,22.425119400024414,0.00022425116912927479,0.00854975264519453,0.0002777515910565853,0.45545485615730286,0.06445875018835068,0.5552248954772949,0.09246134757995605,,,,,,,,,,,,
0.0,1.0,24.0,122,990,,,,,,,,,,,,0.0,0.008145331405103207,0.008145331405103207,21.79363250732422,0.0002179363218601793,0.014535151422023773,0.005925733596086502,0.00024615152506157756,0.44235759973526,0.051819611340761185,0.6927176117897034,0.076973557472229
,,,122,990,0.0,0.006604606285691261,0.006604606285691261,22.002403259277344,0.00022002399782650173,0.008792298845946789,0.00023591307399328798,0.4466623067855835,0.0652235746383667,0.5426229238510132,0.09375791251659393,,,,,,,,,,,,
0.0,1.0,25.0,123,998,,,,,,,,,,,,0.0,0.008196456357836723,0.008196456357836723,21.33156967163086,0.0002133157104253769,0.014884582720696926,0.006252107676118612,0.00022270357294473797,0.4329392910003662,0.05325517803430557,0.6757937669754028,0.07906651496887207
,,,123,998,0.0,0.006599578075110912,0.006599578075110912,21.592050552368164,0.0002159205178031698,0.008761873468756676,0.00023261579917743802,0.4382352828979492,0.06520015746355057,0.5441715717315674,0.09359458088874817,,,,,,,,,,,,
0.0,1.0,26.0,124,1006,,,,,,,,,,,,0.0,0.008345452137291431,0.008345452137291431,21.01068115234375,0.0002101068093907088,0.014980953186750412,0.006200021598488092,0.00022537240874953568,0.426397442817688,0.053158316761255264,0.6784948706626892,0.07873620837926865
,,,124,1006,0.0,0.006531952414661646,0.006531952414661646,21.169265747070312,0.00021169264800846577,0.008705959655344486,0.00022828698274679482,0.42964401841163635,0.0649552047252655,0.5470573306083679,0.09329896420240402,,,,,,,,,,,,
0.0,1.0,27.0,125,1014,,,,,,,,,,,,0.0,0.008347946219146252,0.008347946219146252,20.752700805664062,0.00020752701675519347,0.01509068626910448,0.006312984507530928,0.0002222277835244313,0.4211570918560028,0.053788091987371445,0.6726356148719788,0.07945068925619125
,,,125,1014,0.0,0.006528967060148716,0.006528967060148716,20.90558624267578,0.00020905587007291615,0.008674388751387596,0.00021548464428633451,0.4242381453514099,0.06479061394929886,0.548759400844574,0.09312745928764343,,,,,,,,,,,,
0.0,1.0,28.0,126,1022,,,,,,,,,,,,0.0,0.008350465446710587,0.008350465446710587,20.603363037109375,0.00020603362645488232,0.01523427851498127,0.006463419646024704,0.00021435866074170917,0.4180436134338379,0.05446530878543854,0.6648320555686951,0.08039224147796631
,,,126,1022,0.0,0.006464613135904074,0.006464613135904074,20.66583824157715,0.0002066583838313818,0.00836467370390892,0.00022563077800441533,0.4193887710571289,0.06389401853084564,0.564845085144043,0.09145151823759079,,,,,,,,,,,,
0.0,1.0,29.0,127,1030,,,,,,,,,,,,0.0,0.008320597931742668,0.008320597931742668,20.48792266845703,0.00020487922301981598,0.01506059616804123,0.006320039741694927,0.0002150789659935981,0.41556602716445923,0.05381032079458237,0.6722671389579773,0.07949531823396683
,,,127,1030,0.0,0.006471679080277681,0.006471679080277681,20.534053802490234,0.00020534053328447044,0.008525757119059563,0.00021140922035556287,0.4165861904621124,0.06454838812351227,0.5564389228820801,0.09232867509126663,,,,,,,,,,,,
0.0,1.0,30.0,128,1038,,,,,,,,,,,,0.0,0.00835646316409111,0.00835646316409111,20.30802345275879,0.00020308024249970913,0.015080355107784271,0.006301193498075008,0.00021961619495414197,0.4118186831474304,0.053855471312999725,0.673243522644043,0.07937689870595932
,,,128,1038,0.0,0.00643549021333456,0.00643549021333456,20.419139862060547,0.00020419138309080154,0.00847791787236929,0.00019966965191997588,0.4140893518924713,0.06431025266647339,0.5589784979820251,0.09206931293010712,,,,,,,,,,,,
0.0,1.0,31.0,129,1046,,,,,,,,,,,,0.0,0.008295907638967037,0.008295907638967037,19.908815383911133,0.00019908812828361988,0.015257731080055237,0.006571049802005291,0.00019168444850947708,0.4035268723964691,0.05512022227048874,0.6592486500740051,0.08105979859828949
,,,129,1046,0.0,0.0064522577449679375,0.0064522577449679375,20.13425064086914,0.00020134251099079847,0.008462883532047272,0.00020118126121815294,0.4082183241844177,0.06437784433364868,0.5597362518310547,0.09198372066020966,,,,,,,,,,,,
0.0,1.0,32.0,130,1054,,,,,,,,,,,,0.0,0.008290944620966911,0.008290944620966911,19.435300827026367,0.00019435299327597022,0.015367801301181316,0.006716086063534021,0.0001664180017542094,0.39381811022758484,0.055804718285799026,0.6517261266708374,0.08194998651742935
,,,130,1054,0.0,0.006407114211469889,0.006407114211469889,19.70326042175293,0.00019703256839420646,0.00823306106030941,0.0001881284115370363,0.399300217628479,0.063527911901474,0.5716786980628967,0.0907353088259697,,,,,,,,,,,,
0.0,1.0,33.0,131,1062,,,,,,,,,,,,0.0,0.00827879086136818,0.00827879086136818,19.165576934814453,0.0001916557375807315,0.014988343231379986,0.0063341762870550156,0.00018372056365478784,0.3885061740875244,0.05421675741672516,0.6715315580368042,0.07958534359931946
,,,131,1062,0.0,0.006419953424483538,0.006419953424483538,19.278940200805664,0.0001927893899846822,0.008445682935416698,0.00017109133477788419,0.3907209634780884,0.064540795981884,0.5605936050415039,0.09189654141664505,,,,,,,,,,,,
0.0,1.0,34.0,132,1070,,,,,,,,,,,,0.0,0.008328162133693695,0.008328162133693695,19.172626495361328,0.0001917262707138434,0.015334115363657475,0.006658516824245453,0.00015570982941426337,0.38838014006614685,0.05562908202409744,0.6547109484672546,0.0815984308719635
,,,132,1070,0.0,0.006373576354235411,0.006373576354235411,19.158246994018555,0.00019158243958372623,0.008241605944931507,0.00017617172852624208,0.3882696330547333,0.06386291980743408,0.5712153911590576,0.09077733010053635,,,,,,,,,,,,
0.0,1.0,35.0,133,1078,,,,,,,,,,,,0.0,0.008157541044056416,0.008157541044056416,18.77448081970215,0.0001877447939477861,0.014792298898100853,0.0062806811183691025,0.00016633160703349859,0.3803134262561798,0.05409272760152817,0.6743059158325195,0.07924846559762955
,,,133,1078,0.0,0.006365444511175156,0.006365444511175156,19.038488388061523,0.00019038487516809255,0.008208923041820526,0.00016853022680152208,0.3856601119041443,0.06354942172765732,0.5729538202285767,0.0905948281288147,,,,,,,,,,,,
0.0,1.0,36.0,134,1086,,,,,,,,,,,,0.0,0.007918545044958591,0.007918545044958591,18.288320541381836,0.0001828831882448867,0.014279079623520374,0.005999974440783262,0.0001776768040144816,0.37064820528030396,0.05267097055912018,0.6888651847839355,0.07745640724897385
,,,134,1086,0.0,0.006384894251823425,0.006384894251823425,18.520051956176758,0.00018520050798542798,0.00835032295435667,0.0001555371272843331,0.3752215504646301,0.0641883984208107,0.5656788945198059,0.09136730432510376,,,,,,,,,,,,
0.0,1.0,37.0,135,1094,,,,,,,,,,,,0.0,0.008269431069493294,0.008269431069493294,18.280517578125,0.0001828051608754322,0.015093350782990456,0.006497098132967949,0.0001440163905499503,0.3701246678829193,0.05489164963364601,0.6630838513374329,0.08060314506292343
,,,135,1094,0.0,0.006327461916953325,0.006327461916953325,18.224227905273438,0.0001822422636905685,0.008158390410244465,0.0001549455919303,0.3691919445991516,0.06374293565750122,0.5755906701087952,0.09031441062688828,,,,,,,,,,,,
0.0,1.0,38.0,136,1102,,,,,,,,,,,,0.0,0.007841018959879875,0.007841018959879875,18.15938949584961,0.0001815938885556534,0.014712423086166382,0.0065574017353355885,0.00013240908447187394,0.36765673756599426,0.055212605744600296,0.6599565148353577,0.0809764415025711
,,,136,1102,0.0,0.006315608974546194,0.006315608974546194,18.27288246154785,0.00018272882152814418,0.00806437712162733,0.00015142168558668345,0.36997857689857483,0.06329049915075302,0.5805429816246033,0.08979222178459167,,,,,,,,,,,,
0.0,1.0,39.0,137,1110,,,,,,,,,,,,0.0,0.007911953143775463,0.007911953143775463,17.76630401611328,0.00017766303790267557,0.014347964897751808,0.006106741260737181,0.0001516064367024228,0.35975784063339233,0.053327299654483795,0.6833264231681824,0.07814331352710724
,,,137,1110,0.0,0.006324137561023235,0.006324137561023235,17.96134376525879,0.00017961346020456403,0.008240069262683392,0.00013816915452480316,0.3636878728866577,0.0640236884355545,0.571316123008728,0.09076971560716629,,,,,,,,,,,,
0.0,1.0,40.0,138,1118,,,,,,,,,,,,0.0,0.007938085123896599,0.007938085123896599,17.702598571777344,0.00017702595505397767,0.014459165744483471,0.00619693286716938,0.00014712155098095536,0.35846248269081116,0.05375451594591141,0.6786498427391052,0.07871867716312408
,,,138,1118,0.0,0.006302424240857363,0.006302424240857363,17.71896743774414,0.0001771896641002968,0.008118153549730778,0.0001409884716849774,0.3587818741798401,0.0635526105761528,0.577681839466095,0.09009524434804916,,,,,,,,,,,,
0.0,1.0,41.0,139,1126,,,,,,,,,,,,0.0,0.007962443865835667,0.007962443865835667,17.605287551879883,0.00017605286848265678,0.014579529874026775,0.006311347708106041,0.00012968637747690082,0.3563441336154938,0.05436986684799194,0.6727161407470703,0.0794425830245018
,,,139,1126,0.0,0.006258390843868256,0.006258390843868256,17.674022674560547,0.00017674021364655346,0.00796668604016304,0.0001426893868483603,0.35780683159828186,0.06308017671108246,0.5855029821395874,0.08925117552280426,,,,,,,,,,,,
0.0,1.0,42.0,140,1134,,,,,,,,,,,,0.0,0.007924364879727364,0.007924364879727364,17.445438385009766,0.0001744543551467359,0.01448988076299429,0.006259056739509106,0.00013200470129959285,0.35303613543510437,0.05401800572872162,0.6754283308982849,0.07911248505115509
,,,140,1134,0.0,0.00626393174752593,0.00626393174752593,17.54117202758789,0.00017541171109769493,0.008003605529665947,0.00012900402361992747,0.3550308048725128,0.06318703293800354,0.5835677981376648,0.08946055918931961,,,,,,,,,,,,
0.0,1.0,43.0,141,1142,,,,,,,,,,,,0.0,0.007571878843009472,0.007571878843009472,17.192359924316406,0.00017192358791362494,0.014141504652798176,0.006269139237701893,0.00012856298417318612,0.34787386655807495,0.054017532616853714,0.6749060153961182,0.0791759192943573
,,,141,1142,0.0,0.0062525891698896885,0.0062525891698896885,17.29413604736328,0.00017294137796852738,0.008119595237076283,0.00012127997615607455,0.3499249815940857,0.06365449726581573,0.5776136517524719,0.09010511636734009,,,,,,,,,,,,
0.0,1.0,44.0,142,1150,,,,,,,,,,,,0.0,0.0078108846209943295,0.0078108846209943295,17.07097625732422,0.00017070975445676595,0.01430294569581747,0.006190274842083454,0.00013107781705912203,0.3454103171825409,0.05384591594338417,0.6789951324462891,0.07867637276649475
,,,142,1150,0.0,0.0062387739308178425,0.0062387739308178425,17.14569854736328,0.0001714569953037426,0.00795536208897829,0.00012430314382072538,0.34692177176475525,0.06316845118999481,0.5860665440559387,0.08919060975313187,,,,,,,,,,,,
0.0,1.0,45.0,143,1158,,,,,,,,,,,,0.0,0.007633616216480732,0.007633616216480732,16.73766326904297,0.00016737663827370852,0.014343183487653732,0.0064338939264416695,0.000108295600512065,0.33862870931625366,0.05469716712832451,0.6663621068000793,0.0802096575498581
,,,143,1158,0.0,0.00622960040345788,0.00622960040345788,16.90992546081543,0.0001690992503426969,0.007817353121936321,0.0001212457864312455,0.3421248495578766,0.06264311075210571,0.5932110548019409,0.08840961754322052,,,,,,,,,,,,
0.0,1.0,46.0,144,1166,,,,,,,,,,,,0.0,0.007871328853070736,0.007871328853070736,16.609779357910156,0.0001660977868596092,0.014477496035397053,0.006319919601082802,0.00012014934327453375,0.3361031413078308,0.05449043586850166,0.6722714304924011,0.07949578016996384
,,,144,1166,0.0,0.0062316590920090675,0.0062316590920090675,16.675813674926758,0.00016675813822075725,0.007956426590681076,0.00011605882900767028,0.33738330006599426,0.06318263709545135,0.5861133933067322,0.08918848633766174,,,,,,,,,,,,
0.0,1.0,47.0,145,1174,,,,,,,,,,,,0.0,0.007817535661160946,0.007817535661160946,16.50275421142578,0.00016502752259839326,0.014689606614410877,0.006606211885809898,0.00010083169036079198,0.33370256423950195,0.055619291961193085,0.6574245095252991,0.08127690106630325
,,,145,1174,0.0,0.006222802679985762,0.006222802679985762,16.55710220336914,0.0001655710075283423,0.007915107533335686,0.00011461920075817034,0.3349769115447998,0.06325939297676086,0.5882536172866821,0.08896083384752274,,,,,,,,,,,,
0.0,1.0,48.0,146,1182,,,,,,,,,,,,0.0,0.0077398670837283134,0.0077398670837283134,16.45151710510254,0.0001645151642151177,0.014454791322350502,0.006447663530707359,0.00010274568921886384,0.3325940668582916,0.05504526197910309,0.6656469106674194,0.08029542863368988
,,,146,1182,0.0,0.00621370505541563,0.00621370505541563,16.515769958496094,0.000165157689480111,0.007996532134711742,0.00010767296771518886,0.333935022354126,0.06331273168325424,0.5840471386909485,0.08941508829593658,,,,,,,,,,,,
0.0,1.0,49.0,147,1190,,,,,,,,,,,,0.0,0.0075700534507632256,0.0075700534507632256,16.38377571105957,0.000163837758009322,0.014076669700443745,0.0062229810282588005,0.00011979713599430397,0.3312470018863678,0.054185979068279266,0.677297055721283,0.07888377457857132
,,,147,1190,0.0,0.00616872776299715,0.00616872776299715,16.390535354614258,0.00016390533710364252,0.007901115342974663,0.00011346683459123597,0.33137714862823486,0.06309990584850311,0.5889554619789124,0.08888144791126251,,,,,,,,,,,,
0.0,1.0,50.0,148,1198,,,,,,,,,,,,0.0,0.007714477367699146,0.007714477367699146,16.31452178955078,0.00016314521781168878,0.01413695141673088,0.0061452495865523815,0.0001140801323344931,0.3296660780906677,0.053662244230508804,0.6813297867774963,0.07838939130306244
,,,148,1198,0.0,0.006181078962981701,0.006181078962981701,16.333282470703125,0.00016333282110281289,0.0078016831539571285,0.00011222425382584333,0.3301326036453247,0.06265448033809662,0.5941401124000549,0.08832140266895294,,,,,,,,,,,,
0.0,1.0,51.0,149,1206,,,,,,,,,,,,0.0,0.007654466666281223,0.007654466666281223,16.20018196105957,0.00016200180107261986,0.014290621504187584,0.006373381242156029,0.0001007712708087638,0.3273155689239502,0.05476155877113342,0.6694979667663574,0.07983162254095078
,,,149,1206,0.0,0.006194696761667728,0.006194696761667728,16.284141540527344,0.00016284141747746617,0.007713648956269026,0.0001064681782736443,0.3290543258190155,0.062285374850034714,0.598723828792572,0.08781550824642181,,,,,,,,,,,,
0.0,1.0,52.0,150,1214,,,,,,,,,,,,0.0,0.007504420820623636,0.007504420820623636,15.770760536193848,0.00015770760364830494,0.013991128653287888,0.006217811722308397,0.00011118873953819275,0.31871432065963745,0.0540737621486187,0.6775649785995483,0.07885095477104187
,,,150,1214,0.0,0.00619142921641469,0.00619142921641469,16.033098220825195,0.00016033097926992923,0.007794442120939493,0.00010433617717353627,0.3239746391773224,0.06274092942476273,0.5944473743438721,0.08828292787075043,,,,,,,,,,,,
0.0,1.0,53.0,151,1222,,,,,,,,,,,,0.0,0.007823706604540348,0.007823706604540348,15.705991744995117,0.0001570599270053208,0.01428491435945034,0.006196357775479555,0.00010779021977214143,0.31726983189582825,0.05406676605343819,0.678678035736084,0.0787149965763092
,,,151,1222,0.0,0.0061527737416327,0.0061527737416327,15.706005096435547,0.00015706005797255784,0.007857796736061573,9.877869160845876e-05,0.317322701215744,0.06298830360174179,0.591231644153595,0.08864074945449829,,,,,,,,,,,,
0.0,1.0,54.0,152,1230,,,,,,,,,,,,0.0,0.007472531404346228,0.007472531404346228,15.770970344543457,0.00015770969912409782,0.014207424595952034,0.006483916193246841,9.326661529485136e-05,0.3185698390007019,0.055418115109205246,0.6637638211250305,0.08052074164152145
,,,152,1230,0.0,0.006138399243354797,0.006138399243354797,15.741024017333984,0.00015741023526061326,0.007806697394698858,9.938027505995706e-05,0.3179700970649719,0.06272154301404953,0.5938867330551147,0.08835066109895706,,,,,,,,,,,,
0.0,1.0,55.0,153,1238,,,,,,,,,,,,0.0,0.007805204018950462,0.007805204018950462,15.683259963989258,0.00015683259698562324,0.014453869313001633,0.006400696001946926,9.113734995480627e-05,0.3167172968387604,0.05509011074900627,0.66808021068573,0.08000248670578003
,,,153,1238,0.0,0.006151125300675631,0.006151125300675631,15.787986755371094,0.00015787985466886312,0.007800700608640909,0.00010027719690697268,0.31889480352401733,0.06278637051582336,0.5939846634864807,0.08831787109375,,,,,,,,,,,,
0.0,1.0,56.0,154,1246,,,,,,,,,,,,0.0,0.007300409488379955,0.007300409488379955,15.114789009094238,0.00015114789130166173,0.013900673016905785,0.0063518560491502285,9.725978452479467e-05,0.3052592873573303,0.05452098697423935,0.6706146597862244,0.0796964094042778
,,,154,1246,0.0,0.006139437202364206,0.006139437202364206,15.395648956298828,0.00015395648370031267,0.007879209704697132,9.439928544452414e-05,0.31094062328338623,0.06319860368967056,0.5899436473846436,0.08876048028469086,,,,,,,,,,,,
0.0,1.0,57.0,155,1254,,,,,,,,,,,,0.0,0.007680442649871111,0.007680442649871111,15.295632362365723,0.0001529563160147518,0.014399806968867779,0.006475462112575769,9.094599226955324e-05,0.3087903559207916,0.05534856393933296,0.6642037630081177,0.08046796917915344
,,,155,1254,0.0,0.006150449626147747,0.006150449626147747,15.119291305541992,0.00015119290037546307,0.007863670587539673,9.65028812061064e-05,0.30527782440185547,0.06291240453720093,0.5908305048942566,0.08867187052965164,,,,,,,,,,,,
0.0,1.0,58.0,156,1262,,,,,,,,,,,,0.0,0.00761587917804718,0.00761587917804718,15.448542594909668,0.00015448543126694858,0.01406045164912939,0.006189042702317238,0.00010104453394887969,0.31178954243659973,0.05429445579648018,0.679055392742157,0.07866893708705902
,,,156,1262,0.0,0.00616389000788331,0.00616389000788331,15.436676025390625,0.0001543667312944308,0.007658420130610466,0.0001004464938887395,0.31165024638175964,0.06237887218594551,0.6015723943710327,0.08750956505537033,,,,,,,,,,,,
0.0,1.0,59.0,157,1270,,,,,,,,,,,,0.0,0.007710687816143036,0.007710687816143036,15.037522315979004,0.0001503752137068659,0.014438190497457981,0.006489288993179798,8.78387872944586e-05,0.3034548759460449,0.055105164647102356,0.6634876728057861,0.08055373281240463
,,,157,1270,0.0,0.006139115430414677,0.006139115430414677,15.302851676940918,0.0001530284935142845,0.007772591430693865,9.781523840501904e-05,0.3088388741016388,0.06272583454847336,0.595547616481781,0.0881594717502594,,,,,,,,,,,,
0.0,1.0,60.0,158,1278,,,,,,,,,,,,0.0,0.007583864498883486,0.007583864498883486,14.859938621520996,0.00014859938528388739,0.014175250194966793,0.006348429713398218,9.435716492589563e-05,0.29987776279449463,0.05473354831337929,0.670791506767273,0.07967519015073776
,,,158,1278,0.0,0.006108344066888094,0.006108344066888094,14.935639381408691,0.0001493563613621518,0.007699067238718271,0.00010457279859110713,0.301439106464386,0.062415800988674164,0.599433422088623,0.08773643523454666,,,,,,,,,,,,
0.0,1.0,61.0,159,1286,,,,,,,,,,,,0.0,0.007555410265922546,0.007555410265922546,14.897293090820312,0.00014897293294779956,0.014169991947710514,0.006377102807164192,8.85052140802145e-05,0.30058518052101135,0.05516493320465088,0.6693042516708374,0.07985449582338333
,,,159,1286,0.0,0.006140216253697872,0.006140216253697872,14.89218521118164,0.000148921855725348,0.00769206415861845,8.627628267277032e-05,0.3005076050758362,0.06220364198088646,0.5998314619064331,0.08770288527011871,,,,,,,,,,,,
0.0,1.0,62.0,160,1294,,,,,,,,,,,,0.0,0.0076968008652329445,0.0076968008652329445,14.829431533813477,0.0001482943189330399,0.014115579426288605,0.006171349436044693,9.913597750710323e-05,0.2991797924041748,0.05431848019361496,0.6799731254577637,0.0785558894276619
,,,160,1294,0.0,0.0061187054961919785,0.0061187054961919785,14.82878589630127,0.0001482878578826785,0.007675412576645613,8.819775393931195e-05,0.299152135848999,0.06233707815408707,0.6007391214370728,0.08760105073451996,,,,,,,,,,,,
0.0,1.0,63.0,161,1302,,,,,,,,,,,,0.0,0.007643215358257294,0.007643215358257294,14.876468658447266,0.00014876466593705118,0.01406171079725027,0.006171755492687225,9.797581878956407e-05,0.3001207411289215,0.05435871705412865,0.6799511313438416,0.07855881005525589
,,,161,1302,0.0,0.006150294095277786,0.006150294095277786,14.839805603027344,0.00014839805953670293,0.007686224300414324,8.503194112563506e-05,0.29935845732688904,0.06236128509044647,0.6000827550888062,0.08766531199216843,,,,,,,,,,,,
0.0,1.0,64.0,162,1310,,,,,,,,,,,,0.0,0.0075661600567400455,0.0075661600567400455,14.600188255310059,0.0001460018684156239,0.014345140196383,0.0065578678622841835,7.511060539400205e-05,0.29441413283348083,0.05553616210818291,0.659929633140564,0.08097860217094421
,,,162,1310,0.0,0.006097555160522461,0.006097555160522461,14.75507640838623,0.00014755075972061604,0.0076785157434642315,9.444245370104909e-05,0.29762911796569824,0.0625876784324646,0.6004577875137329,0.08761883527040482,,,,,,,,,,,,
0.0,1.0,65.0,163,1318,,,,,,,,,,,,0.0,0.0075152539648115635,0.0075152539648115635,14.484529495239258,0.0001448452821932733,0.014369631186127663,0.0066366055980324745,7.292588998097926e-05,0.29207056760787964,0.05594058707356453,0.6558471918106079,0.08146359026432037
,,,163,1318,0.0,0.0061126211658120155,0.0061126211658120155,14.5388822555542,0.00014538882533088326,0.007701953407377005,8.559806883567944e-05,0.2932106852531433,0.062299370765686035,0.5991963148117065,0.08775178343057632,,,,,,,,,,,,
0.0,1.0,66.0,164,1326,,,,,,,,,,,,0.0,0.00766299944370985,0.00766299944370985,14.551336288452148,0.00014551336062140763,0.01416245847940445,0.006257178261876106,9.676684567239136e-05,0.2934223413467407,0.0546102374792099,0.6755222082138062,0.07910067588090897
,,,164,1326,0.0,0.006101654842495918,0.006101654842495918,14.536490440368652,0.00014536491653416306,0.00761517183855176,9.445402974961326e-05,0.2931670844554901,0.06191638112068176,0.6038642525672913,0.08725637942552567,,,,,,,,,,,,
0.0,1.0,67.0,165,1334,,,,,,,,,,,,0.0,0.00733334431424737,0.00733334431424737,14.169081687927246,0.00014169083442538977,0.01348816230893135,0.005895406939089298,0.0001177203084807843,0.2857942581176758,0.053034793585538864,0.694284975528717,0.0767783597111702
,,,165,1334,0.0,0.006113778799772263,0.006113778799772263,14.388341903686523,0.00014388341514859349,0.007607404608279467,8.88073118403554e-05,0.29013365507125854,0.062056176364421844,0.6040920615196228,0.0872112438082695,,,,,,,,,,,,
0.0,1.0,68.0,166,1342,,,,,,,,,,,,0.0,0.00748888123780489,0.00748888123780489,14.182652473449707,0.00014182651648297906,0.014128954149782658,0.006418887060135603,7.935948815429583e-05,0.28597795963287354,0.055425409227609634,0.6671357154846191,0.08011569827795029
,,,166,1342,0.0,0.006145893596112728,0.006145893596112728,14.049696922302246,0.0001404969661962241,0.007735906634479761,8.317249739775434e-05,0.2833007574081421,0.06261066347360611,0.5975133776664734,0.0879412293434143,,,,,,,,,,,,
0.0,1.0,69.0,167,1350,,,,,,,,,,,,0.0,0.007449704222381115,0.007449704222381115,14.328372955322266,0.0001432837307220325,0.013951191678643227,0.006264759227633476,9.344498539576307e-05,0.28882235288619995,0.054580796509981155,0.6751292943954468,0.07914852350950241
,,,167,1350,0.0,0.006130336783826351,0.006130336783826351,14.24077320098877,0.00014240771997720003,0.007563363295048475,8.598351996624842e-05,0.2871100604534149,0.061781205236911774,0.6065619587898254,0.08695881813764572,,,,,,,,,,,,
0.0,1.0,70.0,168,1358,,,,,,,,,,,,0.0,0.007488791365176439,0.007488791365176439,14.26219367980957,0.00014262193872127682,0.014355331659317017,0.00665519293397665,6.872439553262666e-05,0.2873988449573517,0.05607302486896515,0.6548841595649719,0.08157750219106674
,,,168,1358,0.0,0.006076017860323191,0.006076017860323191,14.361205101013184,0.0001436120510334149,0.007580544333904982,8.933760545914993e-05,0.2894500494003296,0.06210219860076904,0.605664074420929,0.0870581790804863,,,,,,,,,,,,
0.0,1.0,71.0,169,1366,,,,,,,,,,,,0.0,0.007442803122103214,0.007442803122103214,14.085725784301758,0.000140857242513448,0.013748598285019398,0.006063966546207666,0.00010097078484250233,0.28392356634140015,0.05379072576761246,0.6855419874191284,0.07786905020475388
,,,169,1366,0.0,0.006078407634049654,0.006078407634049654,14.199715614318848,0.00014199712313711643,0.007611095905303955,8.491716289427131e-05,0.28617197275161743,0.062140148133039474,0.6039602160453796,0.08723071962594986,,,,,,,,,,,,
0.0,1.0,72.0,170,1374,,,,,,,,,,,,0.0,0.007312803994864225,0.007312803994864225,13.621429443359375,0.00013621427933685482,0.01390842068940401,0.0063700126484036446,8.938915561884642e-05,0.27458837628364563,0.054936185479164124,0.6696721315383911,0.07981039583683014
,,,170,1374,0.0,0.006079141516238451,0.006079141516238451,13.874232292175293,0.00013874231080990285,0.007574826013296843,8.854752377374098e-05,0.2796563506126404,0.061941713094711304,0.6058638095855713,0.08702363818883896,,,,,,,,,,,,
0.0,1.0,73.0,171,1382,,,,,,,,,,,,0.0,0.007534022442996502,0.007534022442996502,13.65815258026123,0.00013658151146955788,0.013954042457044125,0.006194388493895531,8.905152208171785e-05,0.2752435505390167,0.0543290451169014,0.6787781715393066,0.07870287448167801
,,,171,1382,0.0,0.006093310657888651,0.006093310657888651,13.554386138916016,0.00013554385805036873,0.007739600259810686,8.497366798110306e-05,0.2731958031654358,0.06265855580568314,0.5974054336547852,0.08796844631433487,,,,,,,,,,,,
0.0,1.0,74.0,172,1390,,,,,,,,,,,,0.0,0.007618670351803303,0.007618670351803303,13.971176147460938,0.00013971177395433187,0.014381038956344128,0.006549980957061052,7.267633191077039e-05,0.28142911195755005,0.05583169311285019,0.6603378653526306,0.08093015849590302
,,,172,1390,0.0,0.006097485311329365,0.006097485311329365,13.891229629516602,0.0001389122917316854,0.007432229816913605,9.211371798301116e-05,0.2799188792705536,0.061570748686790466,0.6133518218994141,0.08620596677064896,,,,,,,,,,,,
0.0,1.0,75.0,173,1398,,,,,,,,,,,,0.0,0.007451290264725685,0.007451290264725685,13.805187225341797,0.00013805186608806252,0.013843764550983906,0.006156942341476679,9.747978037921712e-05,0.27811428904533386,0.054050225764513016,0.6807208061218262,0.07846425473690033
,,,173,1398,0.0,0.006059208884835243,0.006059208884835243,13.848062515258789,0.00013848063827026635,0.0076717110350728035,8.439402154181153e-05,0.2789778411388397,0.06220243498682976,0.6007730960845947,0.08758550882339478,,,,,,,,,,,,
0.0,1.0,76.0,174,1406,,,,,,,,,,,,0.0,0.00749532226473093,0.00749532226473093,13.961921691894531,0.000139619194669649,0.01405621413141489,0.0063431160524487495,7.81567650847137e-05,0.2811536192893982,0.05504801869392395,0.6710647940635681,0.0796419084072113
,,,174,1406,0.0,0.006075290497392416,0.006075290497392416,13.855746269226074,0.00013855744327884167,0.007521337363868952,8.21924622869119e-05,0.2790573537349701,0.061517126858234406,0.6086022257804871,0.08672304451465607,,,,,,,,,,,,
0.0,1.0,77.0,175,1414,,,,,,,,,,,,0.0,0.0076718078926205635,0.0076718078926205635,13.738824844360352,0.00013738824054598808,0.014324931427836418,0.006439655087888241,7.608040323248133e-05,0.27664798498153687,0.05547818914055824,0.6660578846931458,0.0802457258105278
,,,175,1414,0.0,0.006063234526664019,0.006063234526664019,13.925176620483398,0.00013925177336204797,0.007579355500638485,8.430965681327507e-05,0.28044387698173523,0.06221757084131241,0.6056700944900513,0.08705519884824753,,,,,,,,,,,,
0.0,1.0,78.0,176,1422,,,,,,,,,,,,0.0,0.007256160955876112,0.007256160955876112,13.383634567260742,0.0001338363508693874,0.014015567488968372,0.0065493155270814896,7.625481521245092e-05,0.2696349620819092,0.055879317224025726,0.660370945930481,0.08092614263296127
,,,176,1422,0.0,0.006095135118812323,0.006095135118812323,13.594450950622559,0.00013594450138043612,0.007461032830178738,8.463187259621918e-05,0.2738414406776428,0.06134232506155968,0.6118383407592773,0.08636701852083206,,,,,,,,,,,,
0.0,1.0,79.0,177,1430,,,,,,,,,,,,0.0,0.0073304264806210995,0.0073304264806210995,13.308350563049316,0.0001330834929831326,0.01376995351165533,0.00621167803183198,9.47660519159399e-05,0.26806896924972534,0.05426308140158653,0.6778823137283325,0.07881220430135727
,,,177,1430,0.0,0.006083999760448933,0.006083999760448933,13.280083656311035,0.00013280085113365203,0.007705616764724255,8.208769577322528e-05,0.26753348112106323,0.06241669878363609,0.599120557308197,0.08777344226837158,,,,,,,,,,,,
0.0,1.0,80.0,178,1438,,,,,,,,,,,,0.0,0.007297321688383818,0.007297321688383818,13.498347282409668,0.00013498347834683955,0.013818420469760895,0.006298455875366926,8.765868551563472e-05,0.27179208397865295,0.05466717854142189,0.6733810901641846,0.0793609768152237
,,,178,1438,0.0,0.00607491098344326,0.00607491098344326,13.387635231018066,0.00013387635408435017,0.007669301237910986,8.091755444183946e-05,0.2695825397968292,0.062254127115011215,0.6010324358940125,0.0875675305724144,,,,,,,,,,,,
0.0,1.0,81.0,179,1446,,,,,,,,,,,,0.0,0.007531930226832628,0.007531930226832628,13.39367961883545,0.00013393678818829358,0.014108778908848763,0.006361666135489941,8.124575106194243e-05,0.26964113116264343,0.054945699870586395,0.6701043844223022,0.07975837588310242
,,,179,1446,0.0,0.006038633640855551,0.006038633640855551,13.42417049407959,0.00013424169446807355,0.007543187588453293,8.9188979472965e-05,0.27028799057006836,0.06200561299920082,0.607556164264679,0.08684928715229034,,,,,,,,,,,,
0.0,1.0,82.0,180,1454,,,,,,,,,,,,0.0,0.007250820752233267,0.007250820752233267,13.360774040222168,0.00013360774028114974,0.013830484822392464,0.0063589829951524734,8.707364031579345e-05,0.2690083682537079,0.055025406181812286,0.6702427864074707,0.0797414481639862
,,,180,1454,0.0,0.006062917876988649,0.006062917876988649,13.437392234802246,0.00013437392772175372,0.007433546241372824,9.190263517666608e-05,0.27055132389068604,0.061442162841558456,0.6133211851119995,0.08620502799749374,,,,,,,,,,,,
0.0,1.0,83.0,181,1462,,,,,,,,,,,,0.0,0.00742175942286849,0.00742175942286849,13.03679084777832,0.00013036790187470615,0.013887950219213963,0.00624598003923893,8.984294254332781e-05,0.26249465346336365,0.05426204949617386,0.6761043071746826,0.07902979105710983
,,,181,1462,0.0,0.006046197842806578,0.006046197842806578,13.10881233215332,0.00013108813436701894,0.007695820648223162,7.486538379453123e-05,0.26390340924263,0.06228838488459587,0.5995911955833435,0.08772218227386475,,,,,,,,,,,,
0.0,1.0,84.0,182,1470,,,,,,,,,,,,0.0,0.007469884119927883,0.007469884119927883,13.50161361694336,0.000135016132844612,0.014348320662975311,0.006673114839941263,7.030638516880572e-05,0.27176135778427124,0.05640971288084984,0.653954029083252,0.08168750256299973
,,,182,1470,0.0,0.006040398497134447,0.006040398497134447,13.298749923706055,0.00013298747944645584,0.007471057586371899,9.444290481042117e-05,0.26777327060699463,0.06163845956325531,0.6112641096115112,0.08641576021909714,,,,,,,,,,,,
0.0,1.0,85.0,183,1478,,,,,,,,,,,,0.0,0.007337792776525021,0.007337792776525021,13.348638534545898,0.00013348637730814517,0.013695228844881058,0.006133166141808033,9.078413859242573e-05,0.26870495080947876,0.05422843247652054,0.6819527745246887,0.07831307500600815
,,,183,1478,0.0,0.006044174078851938,0.006044174078851938,13.455971717834473,0.0001345597265753895,0.00752834090963006,8.374819299206138e-05,0.2708575427532196,0.061723414808511734,0.6084725260734558,0.08674586564302444,,,,,,,,,,,,
0.0,1.0,86.0,184,1486,,,,,,,,,,,,0.0,0.00746892299503088,0.00746892299503088,12.876686096191406,0.00012876685650553554,0.014073079451918602,0.0063928221352398396,8.256678120233119e-05,0.2592008709907532,0.05504386126995087,0.6684887409210205,0.07995329797267914
,,,184,1486,0.0,0.006009452976286411,0.006009452976286411,13.123144149780273,0.0001312314416281879,0.007619604002684355,8.503602293785661e-05,0.26417842507362366,0.06242474913597107,0.6035987734794617,0.08728022128343582,,,,,,,,,,,,
0.0,1.0,87.0,185,1494,,,,,,,,,,,,0.0,0.007335767149925232,0.007335767149925232,13.389896392822266,0.00013389895320869982,0.013804463669657707,0.006252070423215628,8.272733975900337e-05,0.2694770395755768,0.05480079725384712,0.6757856607437134,0.07906859368085861
,,,185,1494,0.0,0.006065046414732933,0.006065046414732933,13.080887794494629,0.00013080886856187135,0.007403652183711529,9.087367652682588e-05,0.2632966935634613,0.06126154214143753,0.6148252487182617,0.08603502810001373,,,,,,,,,,,,
