,S1,X10,X14,X5,X7,X19,X4,X8,X11,X12,X9,X6,X1,X17,X18,X16,X2,X15,X13,X3
S1,0,0,0,0,0,0,0,0,0,0,0,0,0,0,0,0,0,0,0,0
X10,1,0,0,0,0,0,0,0,0,0,0,0,0,0,0,0,0,0,0,0
X14,1,0,0,0,0,0,0,0,0,0,0,0,0,0,0,0,0,0,0,0
X5,1,1,0,0,0,0,0,0,0,0,0,0,0,0,0,0,0,0,0,0
X7,0,0,1,0,0,0,0,0,0,0,0,0,0,0,0,0,0,0,0,0
X19,0,1,1,1,0,0,0,0,0,0,0,0,0,0,0,0,0,0,0,0
X4,0,0,1,1,0,0,0,0,0,0,0,0,0,0,0,0,0,0,0,0
X8,0,0,0,0,1,1,0,0,0,0,0,0,0,0,0,0,0,0,0,0
X11,0,0,1,0,0,0,1,0,0,0,0,0,0,0,0,0,0,0,0,0
X12,1,0,0,0,1,0,0,0,1,0,0,0,0,0,0,0,0,0,0,0
X9,0,0,0,0,0,0,0,0,1,0,0,0,0,0,0,0,0,0,0,0
X6,0,1,1,0,0,1,1,1,1,0,0,0,0,0,0,0,0,0,0,0
X1,0,1,0,1,0,1,0,1,0,1,0,1,0,0,0,0,0,0,0,0
X17,1,1,1,0,1,0,0,0,0,0,0,1,0,0,0,0,0,0,0,0
X18,0,1,0,1,1,0,0,0,1,1,0,0,1,0,0,0,0,0,0,0
X16,1,0,0,1,0,0,1,1,0,1,0,1,0,1,0,0,0,0,0,0
X2,1,1,0,0,1,0,1,0,0,1,1,0,1,1,0,0,0,0,0,0
X15,0,1,1,0,0,1,0,1,0,0,1,1,0,1,0,1,0,0,0,0
X13,0,1,0,0,1,1,1,0,1,1,0,0,1,1,0,1,1,0,0,0
X3,1,1,0,0,0,0,1,0,0,0,0,0,1,0,1,0,0,1,0,0
