epoch,step,test_group_l1,test_hsic,test_hsic_reg,test_l0_penalty,test_l0_reg,test_loss_x,test_notears,test_score_sparse,test_x_mae,test_x_r2,test_x_rmse,train_group_l1,train_hsic,train_hsic_reg,train_l0_penalty,train_l0_reg,train_loss_x,train_notears,train_score_sparse,train_x_mae,train_x_r2,train_x_rmse,val_group_l1,val_hsic,val_hsic_reg,val_l0_penalty,val_l0_reg,val_loss,val_loss_x,val_notears,val_score_sparse,val_x_mae,val_x_r2,val_x_rmse
0,14,,,,,,,,,,,,,,,,,,,,,,,0.0,4.367811561678536e-05,0.0,0.0,0.0,0.07013887166976929,0.07013887166976929,0.0,0.8999999761581421,0.22845815122127533,-2.4723806381225586,0.26483601331710815
0,14,,,,,,,,,,,,0.0,4.6292294427985325e-05,0.0,0.0,0.0,0.3994925320148468,0.0,0.45269328355789185,0.4987744092941284,-18.643712997436523,0.5284824371337891,,,,,,,,,,,,
1,29,,,,,,,,,,,,,,,,,,,,,,,0.0,4.382512270240113e-05,0.0,0.0,0.0,0.04091203585267067,0.04091203585267067,0.0,0.8999999761581421,0.16097767651081085,-1.0253628492355347,0.20226547122001648
1,29,,,,,,,,,,,,0.0,4.48658611276187e-05,0.0,0.0,0.0,0.03561074286699295,0.0,0.4280426800251007,0.15085870027542114,-0.7510250210762024,0.18417461216449738,,,,,,,,,,,,
2,44,,,,,,,,,,,,,,,,,,,,,,,0.0,4.370083479443565e-05,0.0,0.0,0.0,0.026405271142721176,0.026405271142721176,0.0,0.8999999761581421,0.11883965879678726,-0.3071218729019165,0.16249454021453857
2,44,,,,,,,,,,,,0.0,4.4347230868879706e-05,0.0,0.0,0.0,0.02727711945772171,0.0,0.4949440360069275,0.13102883100509644,-0.3439306318759918,0.16421712934970856,,,,,,,,,,,,
3,59,,,,,,,,,,,,,,,,,,,,,,,0.0,4.3804378947243094e-05,0.0,0.0,0.0,0.021808642894029617,0.021808642894029617,0.0,0.8999999761581421,0.11077337712049484,-0.07953305542469025,0.14767445623874664
3,59,,,,,,,,,,,,0.0,4.465465099201538e-05,0.0,0.0,0.0,0.023764807730913162,0.0,0.5083413124084473,0.12088838964700699,-0.16663484275341034,0.15363585948944092,,,,,,,,,,,,
4,74,,,,,,,,,,,,,,,,,,,,,,,0.0,4.395332871354185e-05,0.0,0.0,0.0,0.020339759066700935,0.020339759066700935,0.0,0.8999999761581421,0.11051388084888458,-0.006800773087888956,0.14261403679847717
4,74,,,,,,,,,,,,0.0,4.394587449496612e-05,0.0,0.0,0.0,0.021376395598053932,0.0,0.5094079971313477,0.11525437980890274,-0.05108695104718208,0.1461552232503891,,,,,,,,,,,,
5,89,,,,,,,,,,,,,,,,,,,,,,,0.0,4.394425195641816e-05,0.0,0.0,0.0,0.020406905561685562,0.020406905561685562,0.0,0.8999999761581421,0.11516670137643814,-0.010110621340572834,0.14284875988960266
5,89,,,,,,,,,,,,0.0,4.427651583682746e-05,0.0,0.0,0.0,0.021437203511595726,0.0,0.4530666768550873,0.11489075422286987,-0.053984083235263824,0.1463625282049179,,,,,,,,,,,,
6,104,,,,,,,,,,,,,,,,,,,,,,,0.0,4.3925963836954907e-05,0.0,0.0,0.0,0.020416518673300743,0.020416518673300743,0.0,0.8999999761581421,0.11523120105266571,-0.010586271993815899,0.14288239181041718
6,104,,,,,,,,,,,,0.0,4.411533154780045e-05,0.0,0.0,0.0,0.02050146460533142,0.0,0.49468794465065,0.1133313700556755,-0.008040188811719418,0.14316685497760773,,,,,,,,,,,,
7,119,,,,,,,,,,,,,,,,,,,,,,,0.0,4.405314757605083e-05,0.0,0.0,0.0,0.020763346925377846,0.020763346925377846,0.0,0.8999999761581421,0.11707647889852524,-0.027754245325922966,0.14409087598323822
7,119,,,,,,,,,,,,0.0,4.53462234872859e-05,0.0,0.0,0.0,0.020622149109840393,0.0,0.4950186610221863,0.11362860351800919,-0.014140032231807709,0.14358794689178467,,,,,,,,,,,,
8,134,,,,,,,,,,,,,,,,,,,,,,,0.0,4.432697096490301e-05,0.0,0.0,0.0,0.020202385261654854,0.020202385261654854,0.0,0.8999999761581421,0.11365694552659988,1.0306549484084826e-05,0.1421312540769577
8,134,,,,,,,,,,,,0.0,4.539003930403851e-05,0.0,0.0,0.0,0.0205698125064373,0.0,0.41678932309150696,0.11371438205242157,-0.01130022294819355,0.1434098184108734,,,,,,,,,,,,
9,149,,,,,,,,,,,,,,,,,,,,,,,0.0,4.4290380174061283e-05,0.0,0.0,0.0,0.020127691328525543,0.020127691328525543,0.0,0.8999999761581421,0.11134368926286697,0.0037009650841355324,0.1418685019016266
9,149,,,,,,,,,,,,0.0,4.4276304834056646e-05,0.0,0.0,0.0,0.020295042544603348,0.0,0.47468802332878113,0.11256074160337448,0.002159750321879983,0.1424512267112732,,,,,,,,,,,,
10,164,,,,,,,,,,,,,,,,,,,,,,,0.0,4.424453800311312e-05,0.0,0.0,0.0,0.02011008746922016,0.02011008746922016,0.0,0.8999999761581421,0.11293058842420578,0.00457749655470252,0.14180628955364227
10,164,,,,,,,,,,,,0.0,4.483285010792315e-05,0.0,0.0,0.0,0.020337961614131927,0.0,0.44568532705307007,0.11268230527639389,2.5160470613627695e-06,0.14260859787464142,,,,,,,,,,,,
11,179,,,,,,,,,,,,,,,,,,,,,,,0.0,4.429875480127521e-05,0.0,0.0,0.0,0.020142236724495888,0.020142236724495888,0.0,0.8999999761581421,0.11337125301361084,0.0029867214616388083,0.1419195532798767
11,179,,,,,,,,,,,,0.0,4.5021679397905245e-05,0.0,0.0,0.0,0.02029428444802761,0.0,0.4875306785106659,0.11281293630599976,0.002142655896022916,0.14245407283306122,,,,,,,,,,,,
12,194,,,,,,,,,,,,,,,,,,,,,,,0.0,4.462934521143325e-05,0.0,0.0,0.0,0.020103611052036285,0.020103611052036285,0.0,0.8999999761581421,0.11154773831367493,0.004892089869827032,0.14178363978862762
12,194,,,,,,,,,,,,0.0,4.5751356083201244e-05,0.0,0.0,0.0,0.02055508643388748,0.0,0.44841599464416504,0.1133974939584732,-0.010678088292479515,0.14335356652736664,,,,,,,,,,,,
13,209,,,,,,,,,,,,,,,,,,,,,,,0.0,4.46835947514046e-05,0.0,0.0,0.0,0.02010042406618595,0.02010042406618595,0.0,0.8999999761581421,0.11160089075565338,0.0050497702322900295,0.14177241921424866
13,209,,,,,,,,,,,,0.0,4.4975135097047314e-05,0.0,0.0,0.0,0.020363524556159973,0.0,0.40915197134017944,0.11273606866598129,-0.0013341957237571478,0.14267830550670624,,,,,,,,,,,,
14,224,,,,,,,,,,,,,,,,,,,,,,,0.0,4.451867425814271e-05,0.0,0.0,0.0,0.020077746361494064,0.020077746361494064,0.0,0.8999999761581421,0.11132930964231491,0.0061715650372207165,0.1416924148797989
14,224,,,,,,,,,,,,0.0,4.494456879911013e-05,0.0,0.0,0.0,0.020382486283779144,0.0,0.47597870230674744,0.11311835795640945,-0.002255344297736883,0.14276018738746643,,,,,,,,,,,,
15,239,,,,,,,,,,,,,,,,,,,,,,,0.0,4.460368290892802e-05,0.0,0.0,0.0,0.0200614295899868,0.0200614295899868,0.0,0.8999999761581421,0.112327441573143,0.00698276050388813,0.1416347324848175
15,239,,,,,,,,,,,,0.0,4.6042041503824294e-05,0.0,0.0,0.0,0.020332152023911476,0.0,0.4261973202228546,0.11290113627910614,0.00041374945431016386,0.14258204400539398,,,,,,,,,,,,
16,254,,,,,,,,,,,,,,,,,,,,,,,0.0,4.488189733820036e-05,0.0,0.0,0.0,0.020078882575035095,0.020078882575035095,0.0,0.8999999761581421,0.11185348778963089,0.006116079166531563,0.14169640839099884
16,254,,,,,,,,,,,,0.0,4.596047074301168e-05,0.0,0.0,0.0,0.020348859950900078,0.0,0.4681919813156128,0.11279332637786865,-0.0005526453605853021,0.14264480769634247,,,,,,,,,,,,
17,269,,,,,,,,,,,,,,,,,,,,,,,0.0,4.51650885224808e-05,0.0,0.0,0.0,0.020129671320319176,0.020129671320319176,0.0,0.8999999761581421,0.11145994812250137,0.003598984098061919,0.14187562465667725
17,269,,,,,,,,,,,,0.0,4.587093644659035e-05,0.0,0.0,0.0,0.020254187285900116,0.0,0.4365653395652771,0.1125762090086937,0.004255829378962517,0.1422998011112213,,,,,,,,,,,,
18,284,,,,,,,,,,,,,,,,,,,,,,,0.0,4.516008266364224e-05,0.0,0.0,0.0,0.020409192889928818,0.020409192889928818,0.0,0.8999999761581421,0.1153082400560379,-0.010228646919131279,0.14285695552825928
18,284,,,,,,,,,,,,0.0,4.541387897916138e-05,0.0,0.0,0.0,0.02072364278137684,0.0,0.42612266540527344,0.11366191506385803,-0.018924623727798462,0.14394040405750275,,,,,,,,,,,,
19,299,,,,,,,,,,,,,,,,,,,,,,,0.0,4.505170727497898e-05,0.0,0.0,0.0,0.02020655758678913,0.02020655758678913,0.0,0.8999999761581421,0.1108827292919159,-0.00021000289416406304,0.14214639365673065
19,299,,,,,,,,,,,,0.0,4.598542727762833e-05,0.0,0.0,0.0,0.020401163026690483,0.0,0.37693867087364197,0.11318060755729675,-0.0029811724089086056,0.14282260835170746,,,,,,,,,,,,
20,314,,,,,,,,,,,,,,,,,,,,,,,0.0,4.511488805292174e-05,0.0,0.0,0.0,0.020572112873196602,0.020572112873196602,0.0,0.8999999761581421,0.11026091128587723,-0.018314093351364136,0.14342662692070007
20,314,,,,,,,,,,,,0.0,4.5712713472312316e-05,0.0,0.0,0.0,0.020659878849983215,0.0,0.4758293330669403,0.11386112123727798,-0.015366577543318272,0.14367520809173584,,,,,,,,,,,,
21,329,,,,,,,,,,,,,,,,,,,,,,,0.0,4.490873834583908e-05,0.0,0.0,0.0,0.02008938044309616,0.02008938044309616,0.0,0.8999999761581421,0.1129077896475792,0.005599247757345438,0.14173336327075958
21,329,,,,,,,,,,,,0.0,4.5535285607911646e-05,0.0,0.0,0.0,0.020590415224432945,0.0,0.45228806138038635,0.11345794796943665,-0.012263097800314426,0.14347580075263977,,,,,,,,,,,,
22,344,,,,,,,,,,,,,,,,,,,,,,,0.0,4.481839278014377e-05,0.0,0.0,0.0,0.0206891056150198,0.0206891056150198,0.0,0.8999999761581421,0.11009373515844345,-0.02410680614411831,0.14383387565612793
22,344,,,,,,,,,,,,0.0,4.595624341163784e-05,0.0,0.0,0.0,0.02049185335636139,0.0,0.4443199932575226,0.11375083029270172,-0.007577170617878437,0.14314071834087372,,,,,,,,,,,,
23,359,,,,,,,,,,,,,,,,,,,,,,,0.0,4.476946560316719e-05,0.0,0.0,0.0,0.0201185904443264,0.0201185904443264,0.0,0.8999999761581421,0.11327985674142838,0.004154713358730078,0.14183633029460907
23,359,,,,,,,,,,,,0.0,4.498987982515246e-05,0.0,0.0,0.0,0.02059054933488369,0.0,0.37059199810028076,0.11315420269966125,-0.012267525307834148,0.14347797632217407,,,,,,,,,,,,
24,374,,,,,,,,,,,,,,,,,,,,,,,0.0,4.468768020160496e-05,0.0,0.0,0.0,0.021401090547442436,0.021401090547442436,0.0,0.8999999761581421,0.1102345809340477,-0.05936158448457718,0.14628805220127106
24,374,,,,,,,,,,,,0.0,4.493320739129558e-05,0.0,0.0,0.0,0.021300114691257477,0.0,0.4856107234954834,0.11581863462924957,-0.04723973944783211,0.14591003954410553,,,,,,,,,,,,
25,389,,,,,,,,,,,,,,,,,,,,,,,0.0,4.469771374715492e-05,0.0,0.0,0.0,0.02008076198399067,0.02008076198399067,0.0,0.8999999761581421,0.11121175438165665,0.006020786240696907,0.14170308411121368
25,389,,,,,,,,,,,,0.0,4.554508996079676e-05,0.0,0.0,0.0,0.02075793407857418,0.0,0.494133323431015,0.1139931008219719,-0.02059910260140896,0.14404726028442383,,,,,,,,,,,,
26,404,,,,,,,,,,,,,,,,,,,,,,,0.0,4.46665144409053e-05,0.0,0.0,0.0,0.020729688927531242,0.020729688927531242,0.0,0.8999999761581421,0.1172405257821083,-0.026091482490301132,0.143974170088768
26,404,,,,,,,,,,,,0.0,4.4710617657983676e-05,0.0,0.0,0.0,0.020557474344968796,0.0,0.4312532842159271,0.11288782209157944,-0.010579908266663551,0.14335675537586212,,,,,,,,,,,,
27,419,,,,,,,,,,,,,,,,,,,,,,,0.0,4.463953519007191e-05,0.0,0.0,0.0,0.022427508607506752,0.022427508607506752,0.0,0.8999999761581421,0.11121358722448349,-0.11018392443656921,0.14975520968437195
27,419,,,,,,,,,,,,0.0,4.563319816952571e-05,0.0,0.0,0.0,0.021395696327090263,0.0,0.4630613327026367,0.11636289954185486,-0.052261751145124435,0.14618514478206635,,,,,,,,,,,,
28,434,,,,,,,,,,,,,,,,,,,,,,,0.0,4.482148142415099e-05,0.0,0.0,0.0,0.024277694523334503,0.024277694523334503,0.0,0.8999999761581421,0.1300746649503708,-0.20173007249832153,0.15580888092517853
28,434,,,,,,,,,,,,0.0,4.557037755148485e-05,0.0,0.0,0.0,0.024361085146665573,0.0,0.41678932309150696,0.1215016096830368,-0.19800059497356415,0.15582357347011566,,,,,,,,,,,,
29,449,,,,,,,,,,,,,,,,,,,,,,,0.0,4.5238997699925676e-05,0.0,0.0,0.0,0.02638385072350502,0.02638385072350502,0.0,0.8999999761581421,0.11880514025688171,-0.30607470870018005,0.16242855787277222
29,449,,,,,,,,,,,,0.0,4.5767115807393566e-05,0.0,0.0,0.0,0.023555796593427658,0.0,0.431583970785141,0.1222900003194809,-0.1586274802684784,0.15319852530956268,,,,,,,,,,,,
30,464,,,,,,,,,,,,,,,,,,,,,,,0.0,4.5010645408183336e-05,0.0,0.0,0.0,0.024516714736819267,0.024516714736819267,0.0,0.8999999761581421,0.13085147738456726,-0.21356318891048431,0.15657402575016022
30,464,,,,,,,,,,,,0.0,4.547128628473729e-05,0.0,0.0,0.0,0.02291075512766838,0.0,0.37512531876564026,0.1180775910615921,-0.1259804666042328,0.15093128383159637,,,,,,,,,,,,
31,479,,,,,,,,,,,,,,,,,,,,,,,0.0,4.498060297919437e-05,0.0,0.0,0.0,0.020249133929610252,0.020249133929610252,0.0,0.8999999761581421,0.11041617393493652,-0.0023212607484310865,0.14229609072208405
31,479,,,,,,,,,,,,0.0,4.556528074317612e-05,0.0,0.0,0.0,0.02345183491706848,0.0,0.4963093400001526,0.12043621391057968,-0.15315799415111542,0.15281866490840912,,,,,,,,,,,,
32,494,,,,,,,,,,,,,,,,,,,,,,,0.0,4.522875678958371e-05,0.0,0.0,0.0,0.020995544269680977,0.020995544269680977,0.0,0.8999999761581421,0.11013111472129822,-0.039283204823732376,0.14489531517028809
32,494,,,,,,,,,,,,0.0,4.655051452573389e-05,0.0,0.0,0.0,0.022278064861893654,0.0,0.4200746715068817,0.11836288869380951,-0.09604178369045258,0.1490679830312729,,,,,,,,,,,,
33,509,,,,,,,,,,,,,,,,,,,,,,,0.0,4.532614548224956e-05,0.0,0.0,0.0,0.020774999633431435,0.020774999633431435,0.0,0.8999999761581421,0.1174987331032753,-0.028336655348539352,0.14413151144981384
33,509,,,,,,,,,,,,0.0,4.5445423893397674e-05,0.0,0.0,0.0,0.021483946591615677,0.0,0.5167146325111389,0.11463362723588943,-0.05639545992016792,0.14652280509471893,,,,,,,,,,,,
34,524,,,,,,,,,,,,,,,,,,,,,,,0.0,4.532923048827797e-05,0.0,0.0,0.0,0.021608591079711914,0.021608591079711914,0.0,0.8999999761581421,0.11045043915510178,-0.06963972747325897,0.1469956338405609
34,524,,,,,,,,,,,,0.0,4.654285294236615e-05,0.0,0.0,0.0,0.021680139005184174,0.0,0.4594133198261261,0.11711062490940094,-0.06615392863750458,0.14713086187839508,,,,,,,,,,,,
35,539,,,,,,,,,,,,,,,,,,,,,,,0.0,4.5324697566684335e-05,0.0,0.0,0.0,0.0216835830360651,0.0216835830360651,0.0,0.8999999761581421,0.12127349525690079,-0.07331260293722153,0.1472495049238205
35,539,,,,,,,,,,,,0.0,4.5945005695102736e-05,0.0,0.0,0.0,0.02179453894495964,0.0,0.44195201992988586,0.11510846018791199,-0.07142234593629837,0.14757336676120758,,,,,,,,,,,,
36,554,,,,,,,,,,,,,,,,,,,,,,,0.0,4.529953730525449e-05,0.0,0.0,0.0,0.020043624565005302,0.020043624565005302,0.0,0.8999999761581421,0.11210610717535019,0.007859582081437111,0.1415719985961914
36,554,,,,,,,,,,,,0.0,4.6065044443821535e-05,0.0,0.0,0.0,0.020631443709135056,0.0,0.5064213275909424,0.11395808309316635,-0.014341357164084911,0.14362312853336334,,,,,,,,,,,,
37,569,,,,,,,,,,,,,,,,,,,,,,,0.0,4.517795969150029e-05,0.0,0.0,0.0,0.02099757455289364,0.02099757455289364,0.0,0.8999999761581421,0.11849101632833481,-0.03935365006327629,0.14490151405334473
37,569,,,,,,,,,,,,0.0,4.5918175601400435e-05,0.0,0.0,0.0,0.020738229155540466,0.0,0.46513068675994873,0.11392087489366531,-0.01956004463136196,0.14397074282169342,,,,,,,,,,,,
38,584,,,,,,,,,,,,,,,,,,,,,,,0.0,4.506201730691828e-05,0.0,0.0,0.0,0.020115172490477562,0.020115172490477562,0.0,0.8999999761581421,0.11088238656520844,0.004313332960009575,0.14182455837726593
38,584,,,,,,,,,,,,0.0,4.512896703090519e-05,0.0,0.0,0.0,0.020511094480752945,0.0,0.4251306653022766,0.11312179267406464,-0.008640632033348083,0.14320313930511475,,,,,,,,,,,,
39,599,,,,,,,,,,,,,,,,,,,,,,,0.0,4.505959805101156e-05,0.0,0.0,0.0,0.02034846879541874,0.02034846879541874,0.0,0.8999999761581421,0.11519743502140045,-0.00722335372120142,0.14264430105686188
39,599,,,,,,,,,,,,0.0,4.6307344746310264e-05,0.0,0.0,0.0,0.020605558529496193,0.0,0.44475728273391724,0.11366627365350723,-0.013048331253230572,0.14352820813655853,,,,,,,,,,,,
40,614,,,,,,,,,,,,,,,,,,,,,,,0.0,4.5131520892027766e-05,0.0,0.0,0.0,0.020222211256623268,0.020222211256623268,0.0,0.8999999761581421,0.11059646308422089,-0.000987726030871272,0.1422014683485031
40,614,,,,,,,,,,,,0.0,4.579465166898444e-05,0.0,0.0,0.0,0.020818760618567467,0.0,0.483541339635849,0.11380932480096817,-0.02344384230673313,0.1442638635635376,,,,,,,,,,,,
41,629,,,,,,,,,,,,,,,,,,,,,,,0.0,4.511455335887149e-05,0.0,0.0,0.0,0.020391305908560753,0.020391305908560753,0.0,0.8999999761581421,0.11030978709459305,-0.009361568838357925,0.1427948772907257
41,629,,,,,,,,,,,,0.0,4.589213494909927e-05,0.0,0.0,0.0,0.021455751731991768,0.0,0.48841601610183716,0.11681569367647171,-0.05495549365878105,0.14640842378139496,,,,,,,,,,,,
42,644,,,,,,,,,,,,,,,,,,,,,,,0.0,4.493086817092262e-05,0.0,0.0,0.0,0.020056702196598053,0.020056702196598053,0.0,0.8999999761581421,0.11251513659954071,0.007215545512735844,0.14161808788776398
42,644,,,,,,,,,,,,0.0,4.542409078567289e-05,0.0,0.0,0.0,0.022135084494948387,0.0,0.499519944190979,0.11665353924036026,-0.08885177224874496,0.14868298172950745,,,,,,,,,,,,
43,659,,,,,,,,,,,,,,,,,,,,,,,0.0,4.491016443353146e-05,0.0,0.0,0.0,0.02003331109881401,0.02003331109881401,0.0,0.8999999761581421,0.11183499544858932,0.008371107280254364,0.14153552055358887
43,659,,,,,,,,,,,,0.0,4.548898141365498e-05,0.0,0.0,0.0,0.020342521369457245,0.0,0.47870934009552,0.11273035407066345,-0.00016210034664254636,0.14261186122894287,,,,,,,,,,,,
44,674,,,,,,,,,,,,,,,,,,,,,,,0.0,4.491617073654197e-05,0.0,0.0,0.0,0.020052306354045868,0.020052306354045868,0.0,0.8999999761581421,0.11251716315746307,0.007433158811181784,0.1416025459766388
44,674,,,,,,,,,,,,0.0,4.538109351415187e-05,0.0,0.0,0.0,0.020368898287415504,0.0,0.4304426610469818,0.11323820799589157,-0.001437849598005414,0.14270669221878052,,,,,,,,,,,,
45,689,,,,,,,,,,,,,,,,,,,,,,,0.0,4.5035176299279556e-05,0.0,0.0,0.0,0.02006700076162815,0.02006700076162815,0.0,0.8999999761581421,0.11274594813585281,0.006705820560455322,0.14165443181991577
45,689,,,,,,,,,,,,0.0,4.549631921690889e-05,0.0,0.0,0.0,0.02022857777774334,0.0,0.37944531440734863,0.11242704093456268,0.005386751145124435,0.14221812784671783,,,,,,,,,,,,
46,704,,,,,,,,,,,,,,,,,,,,,,,0.0,4.4905958930030465e-05,0.0,0.0,0.0,0.020045049488544464,0.020045049488544464,0.0,0.8999999761581421,0.11209265142679214,0.007791261188685894,0.14157696068286896
46,704,,,,,,,,,,,,0.0,4.536210690275766e-05,0.0,0.0,0.0,0.02056802250444889,0.0,0.4758293330669403,0.11340566724538803,-0.011325813829898834,0.14339479804039001,,,,,,,,,,,,
47,719,,,,,,,,,,,,,,,,,,,,,,,0.0,4.4966578570893034e-05,0.0,0.0,0.0,0.020121686160564423,0.020121686160564423,0.0,0.8999999761581421,0.11341630667448044,0.004000668413937092,0.14184726774692535
47,719,,,,,,,,,,,,0.0,4.5962693548062816e-05,0.0,0.0,0.0,0.020732395350933075,0.0,0.40594130754470825,0.11359354853630066,-0.01946842297911644,0.14397083222866058,,,,,,,,,,,,
48,734,,,,,,,,,,,,,,,,,,,,,,,0.0,4.4949050789000466e-05,0.0,0.0,0.0,0.020054010674357414,0.020054010674357414,0.0,0.8999999761581421,0.11246450245380402,0.007348496932536364,0.1416085958480835
48,734,,,,,,,,,,,,0.0,4.541036469163373e-05,0.0,0.0,0.0,0.02045303024351597,0.0,0.45125335454940796,0.1132461428642273,-0.005632185842841864,0.1430087834596634,,,,,,,,,,,,
49,749,,,,,,,,,,,,,,,,,,,,,,,0.0,4.4894677557749674e-05,0.0,0.0,0.0,0.02023364044725895,0.02023364044725895,0.0,0.8999999761581421,0.11446921527385712,-0.0015395593363791704,0.14224125444889069
49,749,,,,,,,,,,,,0.0,4.546951822703704e-05,0.0,0.0,0.0,0.02033114805817604,0.0,0.45155200362205505,0.11297748982906342,0.0004113948962185532,0.14258049428462982,,,,,,,,,,,,
50,764,,,,,,,,,,,,,,,,,,,,,,,0.0,4.4982101826462895e-05,0.0,0.0,0.0,0.020034296438097954,0.020034296438097954,0.0,0.8999999761581421,0.11243174970149994,0.008323726244270802,0.14153897762298584
50,764,,,,,,,,,,,,0.0,4.505360993789509e-05,0.0,0.0,0.0,0.02029595710337162,0.0,0.522506594657898,0.11293291300535202,0.002036420628428459,0.14245419204235077,,,,,,,,,,,,
51,779,,,,,,,,,,,,,,,,,,,,,,,0.0,4.5136963308323175e-05,0.0,0.0,0.0,0.021066222339868546,0.021066222339868546,0.0,0.8999999761581421,0.11010795831680298,-0.04278271645307541,0.14513899385929108
51,779,,,,,,,,,,,,0.0,4.616962905856781e-05,0.0,0.0,0.0,0.02040180377662182,0.0,0.38014933466911316,0.11342178285121918,-0.003032119944691658,0.1428235024213791,,,,,,,,,,,,
52,794,,,,,,,,,,,,,,,,,,,,,,,0.0,4.5069289626553655e-05,0.0,0.0,0.0,0.020751917734742165,0.020751917734742165,0.0,0.8999999761581421,0.11006885021924973,-0.027218731120228767,0.14405210316181183
52,794,,,,,,,,,,,,0.0,4.571642784867436e-05,0.0,0.0,0.0,0.02062818966805935,0.0,0.4115520119667053,0.11360786110162735,-0.014211256988346577,0.1436014324426651,,,,,,,,,,,,
53,809,,,,,,,,,,,,,,,,,,,,,,,0.0,4.487692058319226e-05,0.0,0.0,0.0,0.02003941871225834,0.02003941871225834,0.0,0.8999999761581421,0.11208949238061905,0.008069840259850025,0.14155709743499756
53,809,,,,,,,,,,,,0.0,4.5450287871062756e-05,0.0,0.0,0.0,0.020488135516643524,0.0,0.4935786724090576,0.1132548525929451,-0.007326907943934202,0.1431301236152649,,,,,,,,,,,,
54,824,,,,,,,,,,,,,,,,,,,,,,,0.0,4.474060915526934e-05,0.0,0.0,0.0,0.020153719931840897,0.020153719931840897,0.0,0.8999999761581421,0.11377689242362976,0.0024164982605725527,0.1419600546360016
54,824,,,,,,,,,,,,0.0,4.5187251089373603e-05,0.0,0.0,0.0,0.0203024223446846,0.0,0.4278613030910492,0.11258915066719055,0.0017686588689684868,0.1424773633480072,,,,,,,,,,,,
55,839,,,,,,,,,,,,,,,,,,,,,,,0.0,4.4729906221618876e-05,0.0,0.0,0.0,0.02004101127386093,0.02004101127386093,0.0,0.8999999761581421,0.11168810725212097,0.007990287616848946,0.14156273007392883
55,839,,,,,,,,,,,,0.0,4.55651170341298e-05,0.0,0.0,0.0,0.020388668403029442,0.0,0.40594133734703064,0.11304467171430588,-0.002435232512652874,0.142778217792511,,,,,,,,,,,,
56,854,,,,,,,,,,,,,,,,,,,,,,,0.0,4.4870132114738226e-05,0.0,0.0,0.0,0.020093921571969986,0.020093921571969986,0.0,0.8999999761581421,0.11290735006332397,0.00537474500015378,0.14174936711788177
56,854,,,,,,,,,,,,0.0,4.5685821532970294e-05,0.0,0.0,0.0,0.020313190296292305,0.0,0.47140270471572876,0.11287766695022583,0.001173927797935903,0.14252261817455292,,,,,,,,,,,,
57,869,,,,,,,,,,,,,,,,,,,,,,,0.0,4.519742287811823e-05,0.0,0.0,0.0,0.02043210342526436,0.02043210342526436,0.0,0.8999999761581421,0.11547299474477768,-0.011362599208950996,0.14293710887432098
57,869,,,,,,,,,,,,0.0,4.5725701056653634e-05,0.0,0.0,0.0,0.020518431439995766,0.0,0.43372800946235657,0.11327436566352844,-0.008786638267338276,0.14323076605796814,,,,,,,,,,,,
58,884,,,,,,,,,,,,,,,,,,,,,,,0.0,4.517634442890994e-05,0.0,0.0,0.0,0.02041718363761902,0.02041718363761902,0.0,0.8999999761581421,0.11038678139448166,-0.010642309673130512,0.1428854614496231
58,884,,,,,,,,,,,,0.0,4.570691453409381e-05,0.0,0.0,0.0,0.021084649488329887,0.0,0.4269760549068451,0.11473168432712555,-0.036233898252248764,0.14512403309345245,,,,,,,,,,,,
59,899,,,,,,,,,,,,,,,,,,,,,,,0.0,4.485691897571087e-05,0.0,0.0,0.0,0.02004249207675457,0.02004249207675457,0.0,0.8999999761581421,0.11182118207216263,0.007917050272226334,0.14156796038150787
59,899,,,,,,,,,,,,0.0,4.502776937442832e-05,0.0,0.0,0.0,0.020373035222291946,0.0,0.47332265973091125,0.11317780613899231,-0.0016571629093959928,0.14272671937942505,,,,,,,,,,,,
60,914,,,,,,,,,,,,,,,,,,,,,,,0.0,4.465695747057907e-05,0.0,0.0,0.0,0.02059808373451233,0.02059808373451233,0.0,0.8999999761581421,0.11668330430984497,-0.01957722194492817,0.1435164511203766
60,914,,,,,,,,,,,,0.0,4.510811049840413e-05,0.0,0.0,0.0,0.020459938794374466,0.0,0.42634665966033936,0.11297068744897842,-0.006020398810505867,0.14303340017795563,,,,,,,,,,,,
61,929,,,,,,,,,,,,,,,,,,,,,,,0.0,4.476210961001925e-05,0.0,0.0,0.0,0.020105905830860138,0.020105905830860138,0.0,0.8999999761581421,0.11351772397756577,0.004782424308359623,0.14179159700870514
61,929,,,,,,,,,,,,0.0,4.572359466692433e-05,0.0,0.0,0.0,0.02045515738427639,0.0,0.4965333342552185,0.113307423889637,-0.005639886483550072,0.14301042258739471,,,,,,,,,,,,
62,944,,,,,,,,,,,,,,,,,,,,,,,0.0,4.501518560573459e-05,0.0,0.0,0.0,0.02017572522163391,0.02017572522163391,0.0,0.8999999761581421,0.11067254841327667,0.0013146250275895,0.14203789830207825
62,944,,,,,,,,,,,,0.0,4.529742000158876e-05,0.0,0.0,0.0,0.020328277722001076,0.0,0.45317330956459045,0.1131114736199379,0.0004921066574752331,0.14257356524467468,,,,,,,,,,,,
63,959,,,,,,,,,,,,,,,,,,,,,,,0.0,4.523909228737466e-05,0.0,0.0,0.0,0.020653968676924706,0.020653968676924706,0.0,0.8999999761581421,0.1101270243525505,-0.02236926183104515,0.14371171593666077
63,959,,,,,,,,,,,,0.0,4.601983891916461e-05,0.0,0.0,0.0,0.020359370857477188,0.0,0.4296320080757141,0.11328739672899246,-0.0009428568300791085,0.1426686942577362,,,,,,,,,,,,
64,974,,,,,,,,,,,,,,,,,,,,,,,0.0,4.5078795665176585e-05,0.0,0.0,0.0,0.02079039253294468,0.02079039253294468,0.0,0.8999999761581421,0.11747657507658005,-0.029097415506839752,0.14418485760688782
64,974,,,,,,,,,,,,0.0,4.586465729516931e-05,0.0,0.0,0.0,0.020981425419449806,0.0,0.4926932752132416,0.11397062987089157,-0.03162645548582077,0.1448167860507965,,,,,,,,,,,,
65,989,,,,,,,,,,,,,,,,,,,,,,,0.0,4.480498319026083e-05,0.0,0.0,0.0,0.020342547446489334,0.020342547446489334,0.0,0.8999999761581421,0.11513088643550873,-0.00692908838391304,0.14262351393699646
65,989,,,,,,,,,,,,0.0,4.5661767217097804e-05,0.0,0.0,0.0,0.020802993327379227,0.0,0.44043734669685364,0.11409483104944229,-0.022773712873458862,0.144195094704628,,,,,,,,,,,,
66,1004,,,,,,,,,,,,,,,,,,,,,,,0.0,4.471542706596665e-05,0.0,0.0,0.0,0.020051859319210052,0.020051859319210052,0.0,0.8999999761581421,0.11163301020860672,0.0074532609432935715,0.14160104095935822
66,1004,,,,,,,,,,,,0.0,4.558670843834989e-05,0.0,0.0,0.0,0.02049904316663742,0.0,0.4690026640892029,0.1131172776222229,-0.00818057544529438,0.14316436648368835,,,,,,,,,,,,
67,1019,,,,,,,,,,,,,,,,,,,,,,,0.0,4.4789125240640715e-05,0.0,0.0,0.0,0.020083803683519363,0.020083803683519363,0.0,0.8999999761581421,0.11115258932113647,0.005869424901902676,0.14171384274959564
67,1019,,,,,,,,,,,,0.0,4.497148984228261e-05,0.0,0.0,0.0,0.020424682646989822,0.0,0.4607360064983368,0.11312776058912277,-0.004257262218743563,0.14291034638881683,,,,,,,,,,,,
68,1034,,,,,,,,,,,,,,,,,,,,,,,0.0,4.469668783713132e-05,0.0,0.0,0.0,0.020053772255778313,0.020053772255778313,0.0,0.8999999761581421,0.11126137524843216,0.007356919813901186,0.14160782098770142
68,1034,,,,,,,,,,,,0.0,4.5022443373454735e-05,0.0,0.0,0.0,0.02029135264456272,0.0,0.4792639911174774,0.11317817866802216,0.0022839580196887255,0.14244382083415985,,,,,,,,,,,,
69,1049,,,,,,,,,,,,,,,,,,,,,,,0.0,4.483752854866907e-05,0.0,0.0,0.0,0.020034169778227806,0.020034169778227806,0.0,0.8999999761581421,0.1120963990688324,0.008329950273036957,0.14153853058815002
69,1049,,,,,,,,,,,,0.0,4.578532389132306e-05,0.0,0.0,0.0,0.02032092958688736,0.0,0.46538659930229187,0.11265470087528229,0.0008111590286716819,0.1425449252128601,,,,,,,,,,,,
70,1064,,,,,,,,,,,,,,,,,,,,,,,0.0,4.488414560910314e-05,0.0,0.0,0.0,0.020174818113446236,0.020174818113446236,0.0,0.8999999761581421,0.11402558535337448,0.0013717134715989232,0.1420343667268753
70,1064,,,,,,,,,,,,0.0,4.516605622484349e-05,0.0,0.0,0.0,0.020293280482292175,0.0,0.44657063484191895,0.1127779632806778,0.0022468313109129667,0.14244000613689423,,,,,,,,,,,,
71,1079,,,,,,,,,,,,,,,,,,,,,,,0.0,4.487272599362768e-05,0.0,0.0,0.0,0.020869554951786995,0.020869554951786995,0.0,0.8999999761581421,0.11004073172807693,-0.03304300084710121,0.14445984363555908
71,1079,,,,,,,,,,,,0.0,4.531530066742562e-05,0.0,0.0,0.0,0.02059830166399479,0.0,0.4445759356021881,0.11371534317731857,-0.012923525646328926,0.1435108780860901,,,,,,,,,,,,
72,1094,,,,,,,,,,,,,,,,,,,,,,,0.0,4.470105341169983e-05,0.0,0.0,0.0,0.02097359485924244,0.02097359485924244,0.0,0.8999999761581421,0.10999107360839844,-0.03819413483142853,0.1448194682598114
72,1094,,,,,,,,,,,,0.0,4.4363005144987255e-05,0.0,0.0,0.0,0.02101217396557331,0.0,0.5331733226776123,0.1147148609161377,-0.03340655937790871,0.14492662250995636,,,,,,,,,,,,
73,1109,,,,,,,,,,,,,,,,,,,,,,,0.0,4.463074583327398e-05,0.0,0.0,0.0,0.020102478563785553,0.020102478563785553,0.0,0.8999999761581421,0.11333952844142914,0.004952609073370695,0.14177949726581573
73,1109,,,,,,,,,,,,0.0,4.557092324830592e-05,0.0,0.0,0.0,0.020741665735840797,0.0,0.4463466703891754,0.11332356929779053,-0.019744576886296272,0.1439840942621231,,,,,,,,,,,,
74,1124,,,,,,,,,,,,,,,,,,,,,,,0.0,4.459589035832323e-05,0.0,0.0,0.0,0.023931065574288368,0.023931065574288368,0.0,0.8999999761581421,0.12907646596431732,-0.18457037210464478,0.1546926200389862
74,1124,,,,,,,,,,,,0.0,4.51080450147856e-05,0.0,0.0,0.0,0.021759603172540665,0.0,0.43649062514305115,0.11622609198093414,-0.07005579769611359,0.1474209725856781,,,,,,,,,,,,
75,1139,,,,,,,,,,,,,,,,,,,,,,,0.0,4.4780255848309025e-05,0.0,0.0,0.0,0.020939068868756294,0.020939068868756294,0.0,0.8999999761581421,0.11001812666654587,-0.03648461773991585,0.14470021426677704
75,1139,,,,,,,,,,,,0.0,4.489519415074028e-05,0.0,0.0,0.0,0.021802490577101707,0.0,0.45365336537361145,0.11649081856012344,-0.07163896411657333,0.14754615724086761,,,,,,,,,,,,
76,1154,,,,,,,,,,,,,,,,,,,,,,,0.0,4.455602174857631e-05,0.0,0.0,0.0,0.02137346751987934,0.02137346751987934,0.0,0.8999999761581421,0.11023757606744766,-0.05799268186092377,0.14619359374046326
76,1154,,,,,,,,,,,,0.0,4.48327737103682e-05,0.0,0.0,0.0,0.02196531929075718,0.0,0.4959786534309387,0.11675997823476791,-0.07956041395664215,0.14809609949588776,,,,,,,,,,,,
77,1169,,,,,,,,,,,,,,,,,,,,,,,0.0,4.4587479351321235e-05,0.0,0.0,0.0,0.020118487998843193,0.020118487998843193,0.0,0.8999999761581421,0.11100568622350693,0.004152744077146053,0.14183615148067474
77,1169,,,,,,,,,,,,0.0,4.524199539446272e-05,0.0,0.0,0.0,0.020784646272659302,0.0,0.5140587091445923,0.11389829963445663,-0.02191680297255516,0.14415541291236877,,,,,,,,,,,,
78,1184,,,,,,,,,,,,,,,,,,,,,,,0.0,4.459192859940231e-05,0.0,0.0,0.0,0.02088153176009655,0.02088153176009655,0.0,0.8999999761581421,0.11004292219877243,-0.03363418206572533,0.14450125396251678
78,1184,,,,,,,,,,,,0.0,4.481357245822437e-05,0.0,0.0,0.0,0.020693721249699593,0.0,0.46369069814682007,0.11354036629199982,-0.017181336879730225,0.14381660521030426,,,,,,,,,,,,
79,1199,,,,,,,,,,,,,,,,,,,,,,,0.0,4.458227340364829e-05,0.0,0.0,0.0,0.020091533660888672,0.020091533660888672,0.0,0.8999999761581421,0.1112346202135086,0.005488375201821327,0.141741082072258
79,1199,,,,,,,,,,,,0.0,4.5212880650069565e-05,0.0,0.0,0.0,0.020561164245009422,0.0,0.403359979391098,0.1136026605963707,-0.01101336907595396,0.14336565136909485,,,,,,,,,,,,
80,1214,,,,,,,,,,,,,,,,,,,,,,,0.0,4.464339144760743e-05,0.0,0.0,0.0,0.020063241943717003,0.020063241943717003,0.0,0.8999999761581421,0.1126541718840599,0.006893578451126814,0.14164111018180847
80,1214,,,,,,,,,,,,0.0,4.5322281948756427e-05,0.0,0.0,0.0,0.020669791847467422,0.0,0.4608106315135956,0.11371845752000809,-0.0163328405469656,0.14374403655529022,,,,,,,,,,,,
81,1229,,,,,,,,,,,,,,,,,,,,,,,0.0,4.473266744753346e-05,0.0,0.0,0.0,0.020086269825696945,0.020086269825696945,0.0,0.8999999761581421,0.1129646971821785,0.005754000972956419,0.14172235131263733
81,1229,,,,,,,,,,,,0.0,4.5160380977904424e-05,0.0,0.0,0.0,0.020549213513731956,0.0,0.5094826817512512,0.11326111853122711,-0.010607549920678139,0.1433427631855011,,,,,,,,,,,,
82,1244,,,,,,,,,,,,,,,,,,,,,,,0.0,4.4617325329454616e-05,0.0,0.0,0.0,0.020768750458955765,0.020768750458955765,0.0,0.8999999761581421,0.11002692580223083,-0.028049802407622337,0.14411045610904694
82,1244,,,,,,,,,,,,0.0,4.503699892666191e-05,0.0,0.0,0.0,0.02021678537130356,0.0,0.44283732771873474,0.11233560740947723,0.005982748698443174,0.1421738564968109,,,,,,,,,,,,
83,1259,,,,,,,,,,,,,,,,,,,,,,,0.0,4.471005013328977e-05,0.0,0.0,0.0,0.0200831089168787,0.0200831089168787,0.0,0.8999999761581421,0.11261928826570511,0.005910079460591078,0.14171123504638672
83,1259,,,,,,,,,,,,0.0,4.538918437901884e-05,0.0,0.0,0.0,0.021267015486955643,0.0,0.3917333781719208,0.11474569141864777,-0.046112027019262314,0.14577513933181763,,,,,,,,,,,,
84,1274,,,,,,,,,,,,,,,,,,,,,,,0.0,4.439598706085235e-05,0.0,0.0,0.0,0.020043138414621353,0.020043138414621353,0.0,0.8999999761581421,0.11214955151081085,0.007888483814895153,0.14157013595104218
84,1274,,,,,,,,,,,,0.0,4.4406573579180986e-05,0.0,0.0,0.0,0.020237738266587257,0.0,0.44900259375572205,0.1124202236533165,0.004975419491529465,0.1422518491744995,,,,,,,,,,,,
85,1289,,,,,,,,,,,,,,,,,,,,,,,0.0,4.450462438398972e-05,0.0,0.0,0.0,0.020098324865102768,0.020098324865102768,0.0,0.8999999761581421,0.11306899785995483,0.0051586320623755455,0.14176484942436218
85,1289,,,,,,,,,,,,0.0,4.5754106395179406e-05,0.0,0.0,0.0,0.020382016897201538,0.0,0.48018133640289307,0.11307602375745773,-0.002087447326630354,0.1427597999572754,,,,,,,,,,,,
86,1304,,,,,,,,,,,,,,,,,,,,,,,0.0,4.46726189693436e-05,0.0,0.0,0.0,0.02026122808456421,0.02026122808456421,0.0,0.8999999761581421,0.11049267649650574,-0.002917506964877248,0.1423385739326477
86,1304,,,,,,,,,,,,0.0,4.49970320914872e-05,0.0,0.0,0.0,0.020733388140797615,0.0,0.44657066464424133,0.11367842555046082,-0.01946808584034443,0.14392510056495667,,,,,,,,,,,,
87,1319,,,,,,,,,,,,,,,,,,,,,,,0.0,4.450497726793401e-05,0.0,0.0,0.0,0.020467348396778107,0.020467348396778107,0.0,0.8999999761581421,0.11592084914445877,-0.013105415739119053,0.14306028187274933
87,1319,,,,,,,,,,,,0.0,4.486134275794029e-05,0.0,0.0,0.0,0.02113555744290352,0.0,0.41623467206954956,0.11423932015895844,-0.03913041204214096,0.14534002542495728,,,,,,,,,,,,
88,1334,,,,,,,,,,,,,,,,,,,,,,,0.0,4.444848309503868e-05,0.0,0.0,0.0,0.020041128620505333,0.020041128620505333,0.0,0.8999999761581421,0.11254863440990448,0.007988729514181614,0.14156299829483032
88,1334,,,,,,,,,,,,0.0,4.533795072347857e-05,0.0,0.0,0.0,0.02090364135801792,0.0,0.46354132890701294,0.11426853388547897,-0.027746692299842834,0.14455416798591614,,,,,,,,,,,,
89,1349,,,,,,,,,,,,,,,,,,,,,,,0.0,4.47503880423028e-05,0.0,0.0,0.0,0.020218444988131523,0.020218444988131523,0.0,0.8999999761581421,0.11063285917043686,-0.0007987846620380878,0.1421881765127182
89,1349,,,,,,,,,,,,0.0,4.572835678118281e-05,0.0,0.0,0.0,0.02055530622601509,0.0,0.406090646982193,0.11343298107385635,-0.01073415670543909,0.14335042238235474,,,,,,,,,,,,
90,1364,,,,,,,,,,,,,,,,,,,,,,,0.0,4.4860738853458315e-05,0.0,0.0,0.0,0.020086735486984253,0.020086735486984253,0.0,0.8999999761581421,0.11129999905824661,0.005724803078919649,0.14172419905662537
90,1364,,,,,,,,,,,,0.0,4.508389611146413e-05,0.0,0.0,0.0,0.020686117932200432,0.0,0.4553493559360504,0.11420395970344543,-0.01708981953561306,0.14380787312984467,,,,,,,,,,,,
91,1379,,,,,,,,,,,,,,,,,,,,,,,0.0,4.484994133235887e-05,0.0,0.0,0.0,0.020043479278683662,0.020043479278683662,0.0,0.8999999761581421,0.11221770942211151,0.007869713939726353,0.14157138764858246
91,1379,,,,,,,,,,,,0.0,4.542655369732529e-05,0.0,0.0,0.0,0.020362399518489838,0.0,0.5238399505615234,0.11276844143867493,-0.0011441727401688695,0.1426929533481598,,,,,,,,,,,,
92,1394,,,,,,,,,,,,,,,,,,,,,,,0.0,4.5054126530885696e-05,0.0,0.0,0.0,0.0201166570186615,0.0201166570186615,0.0,0.8999999761581421,0.11119963228702545,0.004242196679115295,0.14182975888252258
92,1394,,,,,,,,,,,,0.0,4.597554652718827e-05,0.0,0.0,0.0,0.020350070670247078,0.0,0.44066134095191956,0.11296822875738144,-0.0004687368927989155,0.14264202117919922,,,,,,,,,,,,
93,1409,,,,,,,,,,,,,,,,,,,,,,,0.0,4.503447416936979e-05,0.0,0.0,0.0,0.0200763288885355,0.0200763288885355,0.0,0.8999999761581421,0.11237481981515884,0.00624353950843215,0.14168737828731537
93,1409,,,,,,,,,,,,0.0,4.560230081551708e-05,0.0,0.0,0.0,0.020236622542142868,0.0,0.49110403656959534,0.11254202574491501,0.005090475548058748,0.14224787056446075,,,,,,,,,,,,
94,1424,,,,,,,,,,,,,,,,,,,,,,,0.0,4.484289820538834e-05,0.0,0.0,0.0,0.020437121391296387,0.020437121391296387,0.0,0.8999999761581421,0.1101912260055542,-0.01162938866764307,0.14295516908168793
94,1424,,,,,,,,,,,,0.0,4.510155849857256e-05,0.0,0.0,0.0,0.020403865724802017,0.0,0.48232531547546387,0.11317414045333862,-0.003211456350982189,0.14281822741031647,,,,,,,,,,,,
95,1439,,,,,,,,,,,,,,,,,,,,,,,0.0,4.509432255872525e-05,0.0,0.0,0.0,0.02034180983901024,0.02034180983901024,0.0,0.8999999761581421,0.11035279184579849,-0.006910562049597502,0.14262144267559052
95,1439,,,,,,,,,,,,0.0,4.5944056182634085e-05,0.0,0.0,0.0,0.02166404016315937,0.0,0.4434666633605957,0.11617963016033173,-0.06516934931278229,0.14711007475852966,,,,,,,,,,,,
96,1454,,,,,,,,,,,,,,,,,,,,,,,0.0,4.5362063247011974e-05,0.0,0.0,0.0,0.020091824233531952,0.020091824233531952,0.0,0.8999999761581421,0.11283714324235916,0.005476135294884443,0.1417420655488968
96,1454,,,,,,,,,,,,0.0,4.589845411828719e-05,0.0,0.0,0.0,0.020656324923038483,0.0,0.47922131419181824,0.11352217942476273,-0.015579796396195889,0.14370429515838623,,,,,,,,,,,,
97,1469,,,,,,,,,,,,,,,,,,,,,,,0.0,4.499884744291194e-05,0.0,0.0,0.0,0.020124658942222595,0.020124658942222595,0.0,0.8999999761581421,0.11356034129858017,0.003853557864204049,0.14185772836208344
97,1469,,,,,,,,,,,,0.0,4.536328560789116e-05,0.0,0.0,0.0,0.020359553396701813,0.0,0.4309226870536804,0.11307425051927567,-0.00096681754803285,0.14267919957637787,,,,,,,,,,,,
98,1484,,,,,,,,,,,,,,,,,,,,,,,0.0,4.4857486500404775e-05,0.0,0.0,0.0,0.020171156153082848,0.020171156153082848,0.0,0.8999999761581421,0.11403641104698181,0.0015530503587797284,0.14202147722244263
98,1484,,,,,,,,,,,,0.0,4.556027488433756e-05,0.0,0.0,0.0,0.020467892289161682,0.0,0.4190399646759033,0.11305951327085495,-0.00617553386837244,0.14304129779338837,,,,,,,,,,,,
99,1499,,,,,,,,,,,,,,,,,,,,,,,0.0,4.495426037465222e-05,0.0,0.0,0.0,0.020044265314936638,0.020044265314936638,0.0,0.8999999761581421,0.11148370057344437,0.007827297784388065,0.14157424867153168
99,1499,,,,,,,,,,,,0.0,4.5422319089993834e-05,0.0,0.0,0.0,0.020370779559016228,0.0,0.4569386839866638,0.11333433538675308,-0.0016120215877890587,0.14271637797355652,,,,,,,,,,,,
100,1514,,,,,,,,,,,,,,,,,,,,,,,0.0,4.501742296270095e-05,0.0,0.0,0.0,0.0204029381275177,0.0204029381275177,0.0,0.8999999761581421,0.11548342555761337,-0.009919021278619766,0.14283506572246552
100,1514,,,,,,,,,,,,0.0,4.584018824971281e-05,0.0,0.0,0.0,0.02051207423210144,0.0,0.48184528946876526,0.11303973197937012,-0.00850777979940176,0.14321160316467285,,,,,,,,,,,,
101,1529,,,,,,,,,,,,,,,,,,,,,,,0.0,4.5196517021395266e-05,0.0,0.0,0.0,0.02011013776063919,0.02011013776063919,0.0,0.8999999761581421,0.11121656745672226,0.004564168397337198,0.14180679619312286
101,1529,,,,,,,,,,,,0.0,4.6023840695852414e-05,0.0,0.0,0.0,0.020596053451299667,0.0,0.48103463649749756,0.11381964385509491,-0.012603829614818096,0.14349710941314697,,,,,,,,,,,,
102,1544,,,,,,,,,,,,,,,,,,,,,,,0.0,4.5353393943514675e-05,0.0,0.0,0.0,0.020117556676268578,0.020117556676268578,0.0,0.8999999761581421,0.11307533085346222,0.004203131888061762,0.14183276891708374
102,1544,,,,,,,,,,,,0.0,4.6002634917385876e-05,0.0,0.0,0.0,0.02045278437435627,0.0,0.40996265411376953,0.11309236288070679,-0.005584280472248793,0.14300498366355896,,,,,,,,,,,,
103,1545,,,,,,,,,,,,,,,,,,,,,,,0.0,4.5353393943514675e-05,0.0,0.0,0.0,0.020117556676268578,0.020117556676268578,0.0,0.8999999761581421,0.11307533085346222,0.004203131888061762,0.14183276891708374
103,1545,0.0,4.549885488813743e-05,0.0,0.0,0.0,0.02011299505829811,0.0,0.8999999761581421,0.11285123229026794,0.004489616956561804,0.14180849492549896,,,,,,,,,,,,,,,,,,,,,,,
